x0000,y0000
87.1,-0.21
87.10277778,-0.2
87.10555556,-0.225
87.10833333,-0.24
87.11111111,-0.215
87.11388889,-0.17
87.11666667,-0.14
87.11944444,-0.175
87.12222222,-0.205
87.125,-0.205
87.12777778,-0.19
87.13055556,-0.16
87.13333333,-0.16
87.13611111,-0.175
87.13888889,-0.205
87.14166667,-0.245
87.14444444,-0.22
87.14722222,-0.18
87.15,-0.17
87.15277778,-0.215
87.15555556,-0.25
87.15833333,-0.245
87.16111111,-0.23
87.16388889,-0.21
87.16666667,-0.205
87.16944444,-0.215
87.17222222,-0.22
87.175,-0.215
87.17777778,-0.22
87.18055556,-0.22
87.18333333,-0.23
87.18611111,-0.27
87.18888889,-0.26
87.19166667,-0.26
87.19444444,-0.265
87.19722222,-0.245
87.2,-0.235
87.20277778,-0.22
87.20555556,-0.245
87.20833333,-0.265
87.21111111,-0.26
87.21388889,-0.25
87.21666667,-0.28
87.21944444,-0.305
87.22222222,-0.295
87.225,-0.26
87.22777778,-0.245
87.23055556,-0.235
87.23333333,-0.225
87.23611111,-0.23
87.23888889,-0.23
87.24166667,-0.235
87.24444444,-0.215
87.24722222,-0.205
87.25,-0.185
87.25277778,-0.175
87.25555556,-0.19
87.25833333,-0.175
87.26111111,-0.105
87.26388889,-0.06
87.26666667,-0.045
87.26944444,-0.035
87.27222222,0.02
87.275,0.085
87.27777778,0.1
87.28055556,0.075
87.28333333,0.045
87.28611111,0.015
87.28888889,-0.005
87.29166667,0.035
87.29444444,0.045
87.29722222,0.025
87.3,-0.025
87.30277778,-0.11
87.30555556,-0.205
87.30833333,-0.235
87.31111111,-0.2
87.31388889,-0.2
87.31666667,-0.235
87.31944444,-0.255
87.32222222,-0.29
87.325,-0.305
87.32777778,-0.285
87.33055556,-0.265
87.33333333,-0.315
87.33611111,-0.37
87.33888889,-0.385
87.34166667,-0.355
87.34444444,-0.34
87.34722222,-0.305
87.35,-0.275
87.35277778,-0.255
87.35555556,-0.27
87.35833333,-0.305
87.36111111,-0.355
87.36388889,-0.44
87.36666667,-0.47
87.36944444,-0.485
87.37222222,-0.44
87.375,-0.3
87.37777778,-0.055
87.38055556,0.365
87.38333333,0.89
87.38611111,1.385
87.38888889,1.725
87.39166667,1.92
87.39444444,1.985
87.39722222,1.96
87.4,1.85
87.40277778,1.585
87.40555556,1.095
87.40833333,0.455
87.41111111,-0.185
87.41388889,-0.81
87.41666667,-0.775
87.41944444,-0.585
87.42222222,-0.5
87.425,-0.51
87.42777778,-0.525
87.43055556,-0.51
87.43333333,-0.485
87.43611111,-0.46
87.43888889,-0.44
87.44166667,-0.425
87.44444444,-0.42
87.44722222,-0.44
87.45,-0.44
87.45277778,-0.47
87.45555556,-0.485
87.45833333,-0.48
87.46111111,-0.465
87.46388889,-0.45
87.46666667,-0.45
87.46944444,-0.46
87.47222222,-0.485
87.475,-0.485
87.47777778,-0.485
87.48055556,-0.46
87.48333333,-0.435
87.48611111,-0.445
87.48888889,-0.465
87.49166667,-0.445
87.49444444,-0.425
87.49722222,-0.43
87.5,-0.48
87.50277778,-0.485
87.50555556,-0.47
87.50833333,-0.45
87.51111111,-0.435
87.51388889,-0.45
87.51666667,-0.43
87.51944444,-0.425
87.52222222,-0.46
87.525,-0.505
87.52777778,-0.47
87.53055556,-0.42
87.53333333,-0.41
87.53611111,-0.38
87.53888889,-0.39
87.54166667,-0.4
87.54444444,-0.38
87.54722222,-0.375
87.55,-0.36
87.55277778,-0.365
87.55555556,-0.39
87.55833333,-0.41
87.56111111,-0.4
87.56388889,-0.32
87.56666667,-0.295
87.56944444,-0.305
87.57222222,-0.32
87.575,-0.3
87.57777778,-0.26
87.58055556,-0.23
87.58333333,-0.235
87.58611111,-0.26
87.58888889,-0.255
87.59166667,-0.23
87.59444444,-0.185
87.59722222,-0.15
87.6,-0.14
87.60277778,-0.15
87.60555556,-0.14
87.60833333,-0.065
87.61111111,-0.005
87.61388889,-0.01
87.61666667,-0.02
87.61944444,-0.015
87.62222222,0.045
87.625,0.105
87.62777778,0.18
87.63055556,0.235
87.63333333,0.215
87.63611111,0.205
87.63888889,0.215
87.64166667,0.23
87.64444444,0.235
87.64722222,0.22
87.65,0.245
87.65277778,0.29
87.65555556,0.31
87.65833333,0.325
87.66111111,0.325
87.66388889,0.325
87.66666667,0.28
87.66944444,0.23
87.67222222,0.165
87.675,0.15
87.67777778,0.195
87.68055556,0.25
87.68333333,0.18
87.68611111,0.045
87.68888889,0.01
87.69166667,0.11
87.69444444,0.15
87.69722222,0.025
87.7,-0.14
87.70277778,-0.19
87.70555556,-0.115
87.70833333,-0.065
87.71111111,-0.1
87.71388889,-0.1
87.71666667,-0.175
87.71944444,-0.295
87.72222222,-0.42
87.725,-0.47
87.72777778,-0.35
87.73055556,-0.185
87.73333333,-0.15
87.73611111,-0.22
87.73888889,-0.27
87.74166667,-0.295
87.74444444,-0.335
87.74722222,-0.37
87.75,-0.425
87.75277778,-0.46
87.75555556,-0.415
87.75833333,-0.33
87.76111111,-0.33
87.76388889,-0.38
87.76666667,-0.44
87.76944444,-0.5
87.77222222,-0.465
87.775,-0.375
87.77777778,-0.37
87.78055556,-0.405
87.78333333,-0.475
87.78611111,-0.47
87.78888889,-0.44
87.79166667,-0.415
87.79444444,-0.455
87.79722222,-0.485
87.8,-0.505
87.80277778,-0.485
87.80555556,-0.445
87.80833333,-0.42
87.81111111,-0.45
87.81388889,-0.48
87.81666667,-0.475
87.81944444,-0.425
87.82222222,-0.39
87.825,-0.33
87.82777778,-0.31
87.83055556,-0.37
87.83333333,-0.41
87.83611111,-0.455
87.83888889,-0.435
87.84166667,-0.345
87.84444444,-0.255
87.84722222,-0.255
87.85,-0.295
87.85277778,-0.31
87.85555556,-0.32
87.85833333,-0.34
87.86111111,-0.34
87.86388889,-0.27
87.86666667,-0.185
87.86944444,-0.175
87.87222222,-0.245
87.875,-0.32
87.87777778,-0.36
87.88055556,-0.36
87.88333333,-0.32
87.88611111,-0.215
87.88888889,-0.17
87.89166667,-0.195
87.89444444,-0.27
87.89722222,-0.31
87.9,-0.345
87.90277778,-0.37
87.90555556,-0.325
87.90833333,-0.235
87.91111111,-0.215
87.91388889,-0.225
87.91666667,-0.205
87.91944444,-0.165
87.92222222,-0.195
87.925,-0.275
87.92777778,-0.34
87.93055556,-0.37
87.93333333,-0.28
87.93611111,-0.14
87.93888889,-0.075
87.94166667,-0.205
87.94444444,-0.395
87.94722222,-0.525
87.95,-0.505
87.95277778,-0.31
87.95555556,-0.16
87.95833333,-0.205
87.96111111,-0.275
87.96388889,-0.39
87.96666667,-0.395
87.96944444,-0.225
87.97222222,-0.115
87.975,-0.13
87.97777778,-0.22
87.98055556,-0.365
87.98333333,-0.5
87.98611111,-0.5
87.98888889,-0.335
87.99166667,-0.195
87.99444444,-0.21
87.99722222,-0.185
88,-0.105
88.00277778,0.025
88.00555556,0.055
88.00833333,0.075
88.01111111,0.1
88.01388889,0.08
88.01666667,0.055
88.01944444,0.005
88.02222222,-0.025
88.025,-0.04
88.02777778,-0.03
88.03055556,-0.045
88.03333333,-0.125
88.03611111,-0.235
88.03888889,-0.275
88.04166667,-0.24
88.04444444,-0.285
88.04722222,-0.34
88.05,-0.295
88.05277778,-0.26
88.05555556,-0.275
88.05833333,-0.32
88.06111111,-0.31
88.06388889,-0.26
88.06666667,-0.25
88.06944444,-0.28
88.07222222,-0.29
88.075,-0.285
88.07777778,-0.29
88.08055556,-0.33
88.08333333,-0.385
88.08611111,-0.415
88.08888889,-0.38
88.09166667,-0.315
88.09444444,-0.36
88.09722222,-0.465
88.1,-0.52
88.10277778,-0.46
88.10555556,-0.345
88.10833333,-0.13
88.11111111,0.175
88.11388889,0.58
88.11666667,1.025
88.11944444,1.445
88.12222222,1.67
88.125,1.795
88.12777778,1.87
88.13055556,1.875
88.13333333,1.79
88.13611111,1.56
88.13888889,1.075
88.14166667,0.455
88.14444444,-0.185
88.14722222,-0.715
88.15,-0.895
88.15277778,-0.825
88.15555556,-0.655
88.15833333,-0.545
88.16111111,-0.56
88.16388889,-0.605
88.16666667,-0.605
88.16944444,-0.55
88.17222222,-0.475
88.175,-0.445
88.17777778,-0.485
88.18055556,-0.58
88.18333333,-0.64
88.18611111,-0.57
88.18888889,-0.365
88.19166667,-0.22
88.19444444,-0.235
88.19722222,-0.345
88.2,-0.485
88.20277778,-0.62
88.20555556,-0.69
88.20833333,-0.585
88.21111111,-0.345
88.21388889,-0.195
88.21666667,-0.195
88.21944444,-0.185
88.22222222,-0.27
88.225,-0.425
88.22777778,-0.515
88.23055556,-0.505
88.23333333,-0.48
88.23611111,-0.465
88.23888889,-0.5
88.24166667,-0.47
88.24444444,-0.45
88.24722222,-0.395
88.25,-0.335
88.25277778,-0.4
88.25555556,-0.555
88.25833333,-0.615
88.26111111,-0.485
88.26388889,-0.325
88.26666667,-0.29
88.26944444,-0.315
88.27222222,-0.31
88.275,-0.28
88.27777778,-0.305
88.28055556,-0.435
88.28333333,-0.57
88.28611111,-0.605
88.28888889,-0.585
88.29166667,-0.555
88.29444444,-0.515
88.29722222,-0.43
88.3,-0.34
88.30277778,-0.335
88.30555556,-0.41
88.30833333,-0.37
88.31111111,-0.155
88.31388889,-0.005
88.31666667,-0.01
88.31944444,-0.095
88.32222222,-0.245
88.325,-0.3
88.32777778,-0.215
88.33055556,-0.125
88.33333333,-0.125
88.33611111,-0.235
88.33888889,-0.24
88.34166667,-0.14
88.34444444,-0.02
88.34722222,0.03
88.35,0.07
88.35277778,0.05
88.35555556,0.025
88.35833333,0.03
88.36111111,0.06
88.36388889,0.05
88.36666667,0.03
88.36944444,0.04
88.37222222,0.13
88.375,0.295
88.37777778,0.43
88.38055556,0.425
88.38333333,0.37
88.38611111,0.33
88.38888889,0.33
88.39166667,0.32
88.39444444,0.35
88.39722222,0.365
88.4,0.35
88.40277778,0.405
88.40555556,0.445
88.40833333,0.395
88.41111111,0.345
88.41388889,0.315
88.41666667,0.335
88.41944444,0.295
88.42222222,0.225
88.425,0.155
88.42777778,0.11
88.43055556,0.135
88.43333333,0.175
88.43611111,0.23
88.43888889,0.18
88.44166667,0.07
88.44444444,0
88.44722222,-0.005
88.45,-0.015
88.45277778,-0.04
88.45555556,-0.065
88.45833333,-0.115
88.46111111,-0.14
88.46388889,-0.18
88.46666667,-0.295
88.46944444,-0.395
88.47222222,-0.385
88.475,-0.29
88.47777778,-0.26
88.48055556,-0.25
88.48333333,-0.24
88.48611111,-0.255
88.48888889,-0.28
88.49166667,-0.31
88.49444444,-0.325
88.49722222,-0.34
88.5,-0.31
88.50277778,-0.255
88.50555556,-0.32
88.50833333,-0.425
88.51111111,-0.475
88.51388889,-0.405
88.51666667,-0.315
88.51944444,-0.3
88.52222222,-0.405
88.525,-0.545
88.52777778,-0.605
88.53055556,-0.55
88.53333333,-0.5
88.53611111,-0.485
88.53888889,-0.445
88.54166667,-0.365
88.54444444,-0.36
88.54722222,-0.365
88.55,-0.36
88.55277778,-0.36
88.55555556,-0.415
88.55833333,-0.46
88.56111111,-0.47
88.56388889,-0.485
88.56666667,-0.525
88.56944444,-0.535
88.57222222,-0.505
88.575,-0.48
88.57777778,-0.455
88.58055556,-0.445
88.58333333,-0.43
88.58611111,-0.505
88.58888889,-0.59
88.59166667,-0.58
88.59444444,-0.505
88.59722222,-0.475
88.6,-0.515
88.60277778,-0.52
88.60555556,-0.5
88.60833333,-0.45
88.61111111,-0.365
88.61388889,-0.285
88.61666667,-0.29
88.61944444,-0.36
88.62222222,-0.46
88.625,-0.515
88.62777778,-0.485
88.63055556,-0.44
88.63333333,-0.415
88.63611111,-0.39
88.63888889,-0.365
88.64166667,-0.345
88.64444444,-0.325
88.64722222,-0.365
88.65,-0.44
88.65277778,-0.505
88.65555556,-0.52
88.65833333,-0.49
88.66111111,-0.44
88.66388889,-0.425
88.66666667,-0.445
88.66944444,-0.455
88.67222222,-0.45
88.675,-0.44
88.67777778,-0.44
88.68055556,-0.415
88.68333333,-0.405
88.68611111,-0.405
88.68888889,-0.425
88.69166667,-0.415
88.69444444,-0.34
88.69722222,-0.29
88.7,-0.385
88.70277778,-0.495
88.70555556,-0.525
88.70833333,-0.49
88.71111111,-0.44
88.71388889,-0.415
88.71666667,-0.485
88.71944444,-0.555
88.72222222,-0.555
88.725,-0.49
88.72777778,-0.4
88.73055556,-0.37
88.73333333,-0.47
88.73611111,-0.6
88.73888889,-0.645
88.74166667,-0.55
88.74444444,-0.455
88.74722222,-0.465
88.75,-0.52
88.75277778,-0.51
88.75555556,-0.49
88.75833333,-0.48
88.76111111,-0.45
88.76388889,-0.415
88.76666667,-0.37
88.76944444,-0.345
88.77222222,-0.355
88.775,-0.375
88.77777778,-0.395
88.78055556,-0.395
88.78333333,-0.395
88.78611111,-0.355
88.78888889,-0.36
88.79166667,-0.35
88.79444444,-0.28
88.79722222,-0.155
88.8,-0.08
88.80277778,-0.105
88.80555556,-0.17
88.80833333,-0.19
88.81111111,-0.16
88.81388889,-0.09
88.81666667,-0.035
88.81944444,-0.065
88.82222222,-0.18
88.825,-0.285
88.82777778,-0.33
88.83055556,-0.34
88.83333333,-0.35
88.83611111,-0.39
88.83888889,-0.485
88.84166667,-0.54
88.84444444,-0.44
88.84722222,-0.4
88.85,-0.48
88.85277778,-0.585
88.85555556,-0.58
88.85833333,-0.52
88.86111111,-0.45
88.86388889,-0.38
88.86666667,-0.385
88.86944444,-0.455
88.87222222,-0.495
88.875,-0.485
88.87777778,-0.495
88.88055556,-0.555
88.88333333,-0.63
88.88611111,-0.7
88.88888889,-0.695
88.89166667,-0.635
88.89444444,-0.575
88.89722222,-0.595
88.9,-0.645
88.90277778,-0.63
88.90555556,-0.48
88.90833333,-0.165
88.91111111,0.295
88.91388889,0.8
88.91666667,1.25
88.91944444,1.55
88.92222222,1.725
88.925,1.85
88.92777778,1.915
88.93055556,1.885
88.93333333,1.775
88.93611111,1.47
88.93888889,0.95
88.94166667,0.31
88.94444444,-0.33
88.94722222,-0.93
88.95,-0.895
88.95277778,-0.72
88.95555556,-0.62
88.95833333,-0.655
88.96111111,-0.705
88.96388889,-0.69
88.96666667,-0.64
88.96944444,-0.615
88.97222222,-0.62
88.975,-0.58
88.97777778,-0.575
88.98055556,-0.61
88.98333333,-0.66
88.98611111,-0.7
88.98888889,-0.69
88.99166667,-0.67
88.99444444,-0.64
88.99722222,-0.625
89,-0.625
89.00277778,-0.605
89.00555556,-0.61
89.00833333,-0.615
89.01111111,-0.645
89.01388889,-0.675
89.01666667,-0.65
89.01944444,-0.645
89.02222222,-0.65
89.025,-0.64
89.02777778,-0.635
89.03055556,-0.625
89.03333333,-0.605
89.03611111,-0.585
89.03888889,-0.575
89.04166667,-0.55
89.04444444,-0.53
89.04722222,-0.52
89.05,-0.54
89.05277778,-0.58
89.05555556,-0.61
89.05833333,-0.575
89.06111111,-0.54
89.06388889,-0.515
89.06666667,-0.565
89.06944444,-0.625
89.07222222,-0.65
89.075,-0.61
89.07777778,-0.56
89.08055556,-0.545
89.08333333,-0.525
89.08611111,-0.53
89.08888889,-0.53
89.09166667,-0.53
89.09444444,-0.505
89.09722222,-0.475
89.1,-0.45
89.10277778,-0.44
89.10555556,-0.42
89.10833333,-0.385
89.11111111,-0.37
89.11388889,-0.385
89.11666667,-0.42
89.11944444,-0.43
89.12222222,-0.41
89.125,-0.39
89.12777778,-0.37
89.13055556,-0.345
89.13333333,-0.32
89.13611111,-0.315
89.13888889,-0.33
89.14166667,-0.305
89.14444444,-0.27
89.14722222,-0.2
89.15,-0.185
89.15277778,-0.17
89.15555556,-0.16
89.15833333,-0.13
89.16111111,-0.08
89.16388889,-0.045
89.16666667,-0.025
89.16944444,-0.01
89.17222222,0.03
89.175,0.06
89.17777778,0.095
89.18055556,0.135
89.18333333,0.17
89.18611111,0.185
89.18888889,0.2
89.19166667,0.23
89.19444444,0.265
89.19722222,0.315
89.2,0.315
89.20277778,0.315
89.20555556,0.37
89.20833333,0.365
89.21111111,0.34
89.21388889,0.3
89.21666667,0.25
89.21944444,0.25
89.22222222,0.24
89.225,0.22
89.22777778,0.21
89.23055556,0.185
89.23333333,0.17
89.23611111,0.12
89.23888889,0.105
89.24166667,0.085
89.24444444,0.07
89.24722222,0.075
89.25,0.025
89.25277778,-0.015
89.25555556,-0.045
89.25833333,-0.065
89.26111111,-0.065
89.26388889,-0.08
89.26666667,-0.1
89.26944444,-0.145
89.27222222,-0.195
89.275,-0.22
89.27777778,-0.22
89.28055556,-0.21
89.28333333,-0.215
89.28611111,-0.22
89.28888889,-0.245
89.29166667,-0.23
89.29444444,-0.245
89.29722222,-0.305
89.3,-0.37
89.30277778,-0.39
89.30555556,-0.365
89.30833333,-0.355
89.31111111,-0.33
89.31388889,-0.31
89.31666667,-0.35
89.31944444,-0.395
89.32222222,-0.43
89.325,-0.415
89.32777778,-0.39
89.33055556,-0.39
89.33333333,-0.405
89.33611111,-0.445
89.33888889,-0.455
89.34166667,-0.425
89.34444444,-0.405
89.34722222,-0.44
89.35,-0.47
89.35277778,-0.46
89.35555556,-0.45
89.35833333,-0.45
89.36111111,-0.455
89.36388889,-0.455
89.36666667,-0.46
89.36944444,-0.46
89.37222222,-0.455
89.375,-0.455
89.37777778,-0.48
89.38055556,-0.485
89.38333333,-0.485
89.38611111,-0.485
89.38888889,-0.49
89.39166667,-0.51
89.39444444,-0.52
89.39722222,-0.525
89.4,-0.51
89.40277778,-0.525
89.40555556,-0.505
89.40833333,-0.495
89.41111111,-0.495
89.41388889,-0.465
89.41666667,-0.46
89.41944444,-0.46
89.42222222,-0.45
89.425,-0.43
89.42777778,-0.4
89.43055556,-0.405
89.43333333,-0.425
89.43611111,-0.455
89.43888889,-0.495
89.44166667,-0.495
89.44444444,-0.465
89.44722222,-0.435
89.45,-0.43
89.45277778,-0.435
89.45555556,-0.435
89.45833333,-0.415
89.46111111,-0.42
89.46388889,-0.42
89.46666667,-0.44
89.46944444,-0.43
89.47222222,-0.415
89.475,-0.38
89.47777778,-0.36
89.48055556,-0.355
89.48333333,-0.39
89.48611111,-0.425
89.48888889,-0.45
89.49166667,-0.445
89.49444444,-0.425
89.49722222,-0.405
89.5,-0.4
89.50277778,-0.43
89.50555556,-0.445
89.50833333,-0.43
89.51111111,-0.4
89.51388889,-0.4
89.51666667,-0.4
89.51944444,-0.42
89.52222222,-0.415
89.525,-0.415
89.52777778,-0.395
89.53055556,-0.38
89.53333333,-0.39
89.53611111,-0.415
89.53888889,-0.44
89.54166667,-0.43
89.54444444,-0.435
89.54722222,-0.43
89.55,-0.445
89.55277778,-0.45
89.55555556,-0.45
89.55833333,-0.43
89.56111111,-0.42
89.56388889,-0.415
89.56666667,-0.42
89.56944444,-0.435
89.57222222,-0.435
89.575,-0.44
89.57777778,-0.43
89.58055556,-0.415
89.58333333,-0.445
89.58611111,-0.455
89.58888889,-0.465
89.59166667,-0.46
89.59444444,-0.455
89.59722222,-0.45
89.6,-0.445
89.60277778,-0.46
89.60555556,-0.45
89.60833333,-0.445
89.61111111,-0.445
89.61388889,-0.42
89.61666667,-0.405
89.61944444,-0.41
89.62222222,-0.42
89.625,-0.435
89.62777778,-0.445
89.63055556,-0.455
89.63333333,-0.46
89.63611111,-0.455
89.63888889,-0.46
89.64166667,-0.465
89.64444444,-0.495
89.64722222,-0.49
89.65,-0.485
89.65277778,-0.47
89.65555556,-0.47
89.65833333,-0.455
89.66111111,-0.42
89.66388889,-0.41
89.66666667,-0.41
89.66944444,-0.385
89.67222222,-0.345
89.675,-0.32
89.67777778,-0.325
89.68055556,-0.35
89.68333333,-0.38
89.68611111,-0.375
89.68888889,-0.33
89.69166667,-0.26
89.69444444,-0.2
89.69722222,-0.15
89.7,-0.115
89.70277778,-0.095
89.70555556,-0.12
89.70833333,-0.135
89.71111111,-0.14
89.71388889,-0.14
89.71666667,-0.115
89.71944444,-0.13
89.72222222,-0.16
89.725,-0.175
89.72777778,-0.215
89.73055556,-0.255
89.73333333,-0.28
89.73611111,-0.315
89.73888889,-0.355
89.74166667,-0.355
89.74444444,-0.365
89.74722222,-0.37
89.75,-0.39
89.75277778,-0.425
89.75555556,-0.435
89.75833333,-0.42
89.76111111,-0.42
89.76388889,-0.43
89.76666667,-0.46
89.76944444,-0.475
89.77222222,-0.47
89.775,-0.455
89.77777778,-0.45
89.78055556,-0.46
89.78333333,-0.485
89.78611111,-0.515
89.78888889,-0.565
89.79166667,-0.61
89.79444444,-0.635
89.79722222,-0.565
89.8,-0.425
89.80277778,-0.175
89.80555556,0.235
89.80833333,0.745
89.81111111,1.225
89.81388889,1.565
89.81666667,1.785
89.81944444,1.89
89.82222222,1.92
89.825,1.89
89.82777778,1.73
89.83055556,1.405
89.83333333,0.84
89.83611111,0.2
89.83888889,-0.44
89.84166667,-0.83
89.84444444,-0.77
89.84722222,-0.61
89.85,-0.545
89.85277778,-0.575
89.85555556,-0.62
89.85833333,-0.59
89.86111111,-0.535
89.86388889,-0.49
89.86666667,-0.495
89.86944444,-0.52
89.87222222,-0.56
89.875,-0.555
89.87777778,-0.54
89.88055556,-0.53
89.88333333,-0.56
89.88611111,-0.55
89.88888889,-0.56
89.89166667,-0.55
89.89444444,-0.535
89.89722222,-0.53
89.9,-0.55
89.90277778,-0.525
89.90555556,-0.53
89.90833333,-0.535
89.91111111,-0.55
89.91388889,-0.545
89.91666667,-0.54
89.91944444,-0.52
89.92222222,-0.515
89.925,-0.505
89.92777778,-0.505
89.93055556,-0.495
89.93333333,-0.495
89.93611111,-0.48
89.93888889,-0.5
89.94166667,-0.5
89.94444444,-0.505
89.94722222,-0.5
89.95,-0.5
89.95277778,-0.515
89.95555556,-0.505
89.95833333,-0.5
89.96111111,-0.47
89.96388889,-0.435
89.96666667,-0.435
89.96944444,-0.435
89.97222222,-0.46
89.975,-0.45
89.97777778,-0.44
89.98055556,-0.42
89.98333333,-0.42
89.98611111,-0.415
89.98888889,-0.41
89.99166667,-0.395
89.99444444,-0.38
89.99722222,-0.38
90,-0.37
90.00277778,-0.36
90.00555556,-0.35
90.00833333,-0.325
90.01111111,-0.305
90.01388889,-0.305
90.01666667,-0.3
90.01944444,-0.295
90.02222222,-0.295
90.025,-0.28
90.02777778,-0.24
90.03055556,-0.21
90.03333333,-0.19
90.03611111,-0.18
90.03888889,-0.16
90.04166667,-0.125
90.04444444,-0.09
90.04722222,-0.085
90.05,-0.1
90.05277778,-0.1
90.05555556,-0.07
90.05833333,-0.03
90.06111111,0.025
90.06388889,0.05
90.06666667,0.085
90.06944444,0.105
90.07222222,0.125
90.075,0.175
90.07777778,0.235
90.08055556,0.28
90.08333333,0.3
90.08611111,0.315
90.08888889,0.33
90.09166667,0.33
90.09444444,0.345
90.09722222,0.375
90.1,0.395
90.10277778,0.405
90.10555556,0.4
90.10833333,0.4
90.11111111,0.395
90.11388889,0.41
90.11666667,0.395
90.11944444,0.385
90.12222222,0.37
90.125,0.335
90.12777778,0.32
90.13055556,0.32
90.13333333,0.31
90.13611111,0.27
90.13888889,0.23
90.14166667,0.2
90.14444444,0.185
90.14722222,0.175
90.15,0.145
90.15277778,0.095
90.15555556,0.065
90.15833333,0.02
90.16111111,0.01
90.16388889,0.01
90.16666667,-0.02
90.16944444,-0.055
90.17222222,-0.115
90.175,-0.15
90.17777778,-0.16
90.18055556,-0.16
90.18333333,-0.195
90.18611111,-0.23
90.18888889,-0.275
90.19166667,-0.285
90.19444444,-0.25
90.19722222,-0.25
90.2,-0.275
90.20277778,-0.305
90.20555556,-0.295
90.20833333,-0.305
90.21111111,-0.31
90.21388889,-0.32
90.21666667,-0.34
90.21944444,-0.345
90.22222222,-0.345
90.225,-0.34
90.22777778,-0.35
90.23055556,-0.34
90.23333333,-0.355
90.23611111,-0.39
90.23888889,-0.395
90.24166667,-0.39
90.24444444,-0.36
90.24722222,-0.385
90.25,-0.415
90.25277778,-0.455
90.25555556,-0.48
90.25833333,-0.45
90.26111111,-0.435
90.26388889,-0.44
90.26666667,-0.485
90.26944444,-0.48
90.27222222,-0.495
90.275,-0.475
90.27777778,-0.455
90.28055556,-0.44
90.28333333,-0.44
90.28611111,-0.445
90.28888889,-0.445
90.29166667,-0.45
90.29444444,-0.465
90.29722222,-0.46
90.3,-0.47
90.30277778,-0.45
90.30555556,-0.435
90.30833333,-0.425
90.31111111,-0.44
90.31388889,-0.44
90.31666667,-0.42
90.31944444,-0.4
90.32222222,-0.4
90.325,-0.415
90.32777778,-0.42
90.33055556,-0.39
90.33333333,-0.4
90.33611111,-0.385
90.33888889,-0.395
90.34166667,-0.39
90.34444444,-0.385
90.34722222,-0.38
90.35,-0.375
90.35277778,-0.41
90.35555556,-0.405
90.35833333,-0.405
90.36111111,-0.395
90.36388889,-0.375
90.36666667,-0.375
90.36944444,-0.385
90.37222222,-0.37
90.375,-0.36
90.37777778,-0.36
90.38055556,-0.365
90.38333333,-0.4
90.38611111,-0.425
90.38888889,-0.41
90.39166667,-0.395
90.39444444,-0.37
90.39722222,-0.36
90.4,-0.375
90.40277778,-0.385
90.40555556,-0.385
90.40833333,-0.4
90.41111111,-0.39
90.41388889,-0.375
90.41666667,-0.375
90.41944444,-0.4
90.42222222,-0.405
90.425,-0.425
90.42777778,-0.405
90.43055556,-0.42
90.43333333,-0.415
90.43611111,-0.45
90.43888889,-0.44
90.44166667,-0.425
90.44444444,-0.415
90.44722222,-0.395
90.45,-0.385
90.45277778,-0.395
90.45555556,-0.4
90.45833333,-0.41
90.46111111,-0.425
90.46388889,-0.425
90.46666667,-0.435
90.46944444,-0.455
90.47222222,-0.455
90.475,-0.455
90.47777778,-0.44
90.48055556,-0.435
90.48333333,-0.43
90.48611111,-0.44
90.48888889,-0.43
90.49166667,-0.41
90.49444444,-0.405
90.49722222,-0.385
90.5,-0.415
90.50277778,-0.445
90.50555556,-0.465
90.50833333,-0.465
90.51111111,-0.45
90.51388889,-0.43
90.51666667,-0.42
90.51944444,-0.445
90.52222222,-0.44
90.525,-0.445
90.52777778,-0.435
90.53055556,-0.405
90.53333333,-0.4
90.53611111,-0.405
90.53888889,-0.435
90.54166667,-0.445
90.54444444,-0.465
90.54722222,-0.43
90.55,-0.4
90.55277778,-0.39
90.55555556,-0.395
90.55833333,-0.405
90.56111111,-0.42
90.56388889,-0.44
90.56666667,-0.46
90.56944444,-0.46
90.57222222,-0.455
90.575,-0.42
90.57777778,-0.4
90.58055556,-0.395
90.58333333,-0.405
90.58611111,-0.415
90.58888889,-0.41
90.59166667,-0.39
90.59444444,-0.365
90.59722222,-0.37
90.6,-0.35
90.60277778,-0.335
90.60555556,-0.31
90.60833333,-0.3
90.61111111,-0.29
90.61388889,-0.28
90.61666667,-0.24
90.61944444,-0.2
90.62222222,-0.155
90.625,-0.13
90.62777778,-0.13
90.63055556,-0.125
90.63333333,-0.125
90.63611111,-0.135
90.63888889,-0.125
90.64166667,-0.115
90.64444444,-0.09
90.64722222,-0.075
90.65,-0.125
90.65277778,-0.185
90.65555556,-0.24
90.65833333,-0.265
90.66111111,-0.265
90.66388889,-0.27
90.66666667,-0.315
90.66944444,-0.355
90.67222222,-0.41
90.675,-0.425
90.67777778,-0.415
90.68055556,-0.4
90.68333333,-0.395
90.68611111,-0.39
90.68888889,-0.405
90.69166667,-0.43
90.69444444,-0.435
90.69722222,-0.405
90.7,-0.4
90.70277778,-0.41
90.70555556,-0.44
90.70833333,-0.45
90.71111111,-0.46
90.71388889,-0.485
90.71666667,-0.51
90.71944444,-0.515
90.72222222,-0.41
90.725,-0.17
90.72777778,0.205
90.73055556,0.725
90.73333333,1.21
90.73611111,1.565
90.73888889,1.8
90.74166667,1.925
90.74444444,1.94
90.74722222,1.85
90.75,1.6
90.75277778,1.15
90.75555556,0.51
90.75833333,-0.13
90.76111111,-0.765
90.76388889,-0.85
90.76666667,-0.705
90.76944444,-0.595
90.77222222,-0.585
90.775,-0.58
90.77777778,-0.56
90.78055556,-0.515
90.78333333,-0.495
90.78611111,-0.49
90.78888889,-0.485
90.79166667,-0.49
90.79444444,-0.46
90.79722222,-0.45
90.8,-0.445
90.80277778,-0.47
90.80555556,-0.505
90.80833333,-0.51
90.81111111,-0.49
90.81388889,-0.46
90.81666667,-0.47
90.81944444,-0.52
90.82222222,-0.545
90.825,-0.535
90.82777778,-0.52
90.83055556,-0.49
90.83333333,-0.475
90.83611111,-0.47
90.83888889,-0.47
90.84166667,-0.46
90.84444444,-0.455
90.84722222,-0.45
90.85,-0.475
90.85277778,-0.505
90.85555556,-0.505
90.85833333,-0.505
90.86111111,-0.475
90.86388889,-0.45
90.86666667,-0.44
90.86944444,-0.445
90.87222222,-0.45
90.875,-0.445
90.87777778,-0.415
90.88055556,-0.375
90.88333333,-0.385
90.88611111,-0.38
90.88888889,-0.405
90.89166667,-0.415
90.89444444,-0.41
90.89722222,-0.405
90.9,-0.385
90.90277778,-0.355
90.90555556,-0.375
90.90833333,-0.36
90.91111111,-0.365
90.91388889,-0.355
90.91666667,-0.335
90.91944444,-0.34
90.92222222,-0.33
90.925,-0.32
90.92777778,-0.275
90.93055556,-0.255
90.93333333,-0.25
90.93611111,-0.26
90.93888889,-0.285
90.94166667,-0.26
90.94444444,-0.245
90.94722222,-0.18
90.95,-0.135
90.95277778,-0.115
90.95555556,-0.135
90.95833333,-0.135
90.96111111,-0.115
90.96388889,-0.085
90.96666667,-0.055
90.96944444,-0.03
90.97222222,0.005
90.975,0.06
90.97777778,0.115
90.98055556,0.145
90.98333333,0.17
90.98611111,0.17
90.98888889,0.175
90.99166667,0.22
90.99444444,0.28
90.99722222,0.335
91,0.375
91.00277778,0.38
91.00555556,0.41
91.00833333,0.41
91.01111111,0.435
91.01388889,0.43
91.01666667,0.445
91.01944444,0.47
91.02222222,0.44
91.025,0.445
91.02777778,0.455
91.03055556,0.445
91.03333333,0.425
91.03611111,0.395
91.03888889,0.36
91.04166667,0.36
91.04444444,0.335
91.04722222,0.315
91.05,0.285
91.05277778,0.25
91.05555556,0.205
91.05833333,0.18
91.06111111,0.16
91.06388889,0.145
91.06666667,0.135
91.06944444,0.11
91.07222222,0.06
91.075,-0.015
91.07777778,-0.035
91.08055556,-0.04
91.08333333,-0.045
91.08611111,-0.085
91.08888889,-0.115
91.09166667,-0.12
91.09444444,-0.11
91.09722222,-0.12
91.1,-0.155
91.10277778,-0.175
91.10555556,-0.2
91.10833333,-0.21
91.11111111,-0.215
91.11388889,-0.235
91.11666667,-0.275
91.11944444,-0.27
91.12222222,-0.275
91.125,-0.26
91.12777778,-0.26
91.13055556,-0.27
91.13333333,-0.29
91.13611111,-0.335
91.13888889,-0.36
91.14166667,-0.375
91.14444444,-0.36
91.14722222,-0.35
91.15,-0.365
91.15277778,-0.335
91.15555556,-0.34
91.15833333,-0.365
91.16111111,-0.395
91.16388889,-0.41
91.16666667,-0.375
91.16944444,-0.37
91.17222222,-0.375
91.175,-0.38
91.17777778,-0.36
91.18055556,-0.35
91.18333333,-0.345
91.18611111,-0.35
91.18888889,-0.365
91.19166667,-0.365
91.19444444,-0.34
91.19722222,-0.33
91.2,-0.315
91.20277778,-0.315
91.20555556,-0.335
91.20833333,-0.34
91.21111111,-0.355
91.21388889,-0.35
91.21666667,-0.315
91.21944444,-0.305
91.22222222,-0.32
91.225,-0.305
91.22777778,-0.295
91.23055556,-0.265
91.23333333,-0.255
91.23611111,-0.26
91.23888889,-0.245
91.24166667,-0.25
91.24444444,-0.23
91.24722222,-0.185
91.25,-0.195
91.25277778,-0.17
91.25555556,-0.135
91.25833333,-0.08
91.26111111,-0.015
91.26388889,0.04
91.26666667,0.1
91.26944444,0.13
91.27222222,0.185
91.275,0.255
91.27777778,0.35
91.28055556,0.51
91.28333333,0.66
91.28611111,0.79
91.28888889,0.955
91.29166667,1.105
91.29444444,1.16
91.29722222,1.18
91.3,1.1
91.30277778,0.95
91.30555556,0.795
91.30833333,0.625
91.31111111,0.435
91.31388889,0.145
91.31666667,-0.26
91.31944444,-0.73
91.32222222,-1.085
91.325,-1.295
91.32777778,-1.355
91.33055556,-1.34
91.33333333,-1.275
91.33611111,-1.2
91.33888889,-1.19
91.34166667,-1.21
91.34444444,-1.225
91.34722222,-1.24
91.35,-1.265
91.35277778,-1.28
91.35555556,-1.275
91.35833333,-1.25
91.36111111,-1.205
91.36388889,-1.13
91.36666667,-1.055
91.36944444,-1
91.37222222,-0.935
91.375,-0.865
91.37777778,-0.78
91.38055556,-0.715
91.38333333,-0.685
91.38611111,-0.66
91.38888889,-0.635
91.39166667,-0.585
91.39444444,-0.525
91.39722222,-0.465
91.4,-0.41
91.40277778,-0.395
91.40555556,-0.41
91.40833333,-0.395
91.41111111,-0.36
91.41388889,-0.325
91.41666667,-0.32
91.41944444,-0.335
91.42222222,-0.34
91.425,-0.325
91.42777778,-0.32
91.43055556,-0.31
91.43333333,-0.305
91.43611111,-0.29
91.43888889,-0.27
91.44166667,-0.23
91.44444444,-0.195
91.44722222,-0.21
91.45,-0.275
91.45277778,-0.3
91.45555556,-0.3
91.45833333,-0.26
91.46111111,-0.235
91.46388889,-0.185
91.46666667,-0.22
91.46944444,-0.26
91.47222222,-0.265
91.475,-0.27
91.47777778,-0.265
91.48055556,-0.23
91.48333333,-0.22
91.48611111,-0.215
91.48888889,-0.2
91.49166667,-0.16
91.49444444,-0.135
91.49722222,-0.1
91.5,-0.1
91.50277778,-0.075
91.50555556,-0.065
91.50833333,-0.025
91.51111111,0.01
91.51388889,0.05
91.51666667,0.09
91.51944444,0.12
91.52222222,0.135
91.525,0.18
91.52777778,0.22
91.53055556,0.25
91.53333333,0.275
91.53611111,0.305
91.53888889,0.345
91.54166667,0.4
91.54444444,0.46
91.54722222,0.515
91.55,0.545
91.55277778,0.6
91.55555556,0.665
91.55833333,0.72
91.56111111,0.75
91.56388889,0.745
91.56666667,0.74
91.56944444,0.725
91.57222222,0.745
91.575,0.775
91.57777778,0.79
91.58055556,0.82
91.58333333,0.83
91.58611111,0.805
91.58888889,0.745
91.59166667,0.71
91.59444444,0.7
91.59722222,0.705
91.6,0.67
91.60277778,0.625
91.60555556,0.565
91.60833333,0.525
91.61111111,0.51
91.61388889,0.495
91.61666667,0.45
91.61944444,0.39
91.62222222,0.355
91.625,0.315
91.62777778,0.265
91.63055556,0.245
91.63333333,0.18
91.63611111,0.145
91.63888889,0.105
91.64166667,0.095
91.64444444,0.075
91.64722222,0.08
91.65,0.055
91.65277778,0.01
91.65555556,-0.03
91.65833333,-0.05
91.66111111,-0.065
91.66388889,-0.07
91.66666667,-0.12
91.66944444,-0.16
91.67222222,-0.175
91.675,-0.16
91.67777778,-0.16
91.68055556,-0.155
91.68333333,-0.175
91.68611111,-0.18
91.68888889,-0.19
91.69166667,-0.185
91.69444444,-0.17
91.69722222,-0.17
91.7,-0.19
91.70277778,-0.195
91.70555556,-0.21
91.70833333,-0.195
91.71111111,-0.18
91.71388889,-0.175
91.71666667,-0.165
91.71944444,-0.15
91.72222222,-0.145
91.725,-0.08
91.72777778,-0.04
91.73055556,0.025
91.73333333,0.06
91.73611111,0.1
91.73888889,0.145
91.74166667,0.205
91.74444444,0.29
91.74722222,0.385
91.75,0.47
91.75277778,0.575
91.75555556,0.7
91.75833333,0.835
91.76111111,0.94
91.76388889,1.06
91.76666667,1.135
91.76944444,1.25
91.77222222,1.33
91.775,1.445
91.77777778,1.49
91.78055556,1.515
91.78333333,1.505
91.78611111,1.46
91.78888889,1.39
91.79166667,1.34
91.79444444,1.3
91.79722222,1.285
91.8,1.285
91.80277778,1.32
91.80555556,1.27
91.80833333,1.125
91.81111111,0.865
91.81388889,0.515
91.81666667,0.155
91.81944444,-0.115
91.82222222,-0.325
91.825,-0.415
91.82777778,-0.455
91.83055556,-0.485
91.83333333,-0.515
91.83611111,-0.55
91.83888889,-0.595
91.84166667,-0.625
91.84444444,-0.635
91.84722222,-0.69
91.85,-0.74
91.85277778,-0.79
91.85555556,-0.83
91.85833333,-0.84
91.86111111,-0.83
91.86388889,-0.83
91.86666667,-0.835
91.86944444,-0.83
91.87222222,-0.855
91.875,-0.855
91.87777778,-0.855
91.88055556,-0.865
91.88333333,-0.86
91.88611111,-0.845
91.88888889,-0.825
91.89166667,-0.81
91.89444444,-0.8
91.89722222,-0.79
91.9,-0.79
91.90277778,-0.815
91.90555556,-0.825
91.90833333,-0.845
91.91111111,-0.865
91.91388889,-0.845
91.91666667,-0.855
91.91944444,-0.86
91.92222222,-0.89
91.925,-0.905
91.92777778,-0.9
91.93055556,-0.885
91.93333333,-0.905
91.93611111,-0.935
91.93888889,-0.965
91.94166667,-0.97
91.94444444,-0.98
91.94722222,-0.99
91.95,-1.015
91.95277778,-1.025
91.95555556,-1.03
91.95833333,-1.05
91.96111111,-1.07
91.96388889,-1.075
91.96666667,-1.095
91.96944444,-1.1
91.97222222,-1.11
91.975,-1.11
91.97777778,-1.105
91.98055556,-1.095
91.98333333,-1.115
91.98611111,-1.105
91.98888889,-1.11
91.99166667,-1.1
91.99444444,-1.085
91.99722222,-1.075
92,-1.08
92.00277778,-1.07
92.00555556,-1.04
92.00833333,-1.02
92.01111111,-0.97
92.01388889,-0.925
92.01666667,-0.885
92.01944444,-0.87
92.02222222,-0.86
92.025,-0.85
92.02777778,-0.82
92.03055556,-0.775
92.03333333,-0.735
92.03611111,-0.715
92.03888889,-0.685
92.04166667,-0.65
92.04444444,-0.62
92.04722222,-0.565
92.05,-0.53
92.05277778,-0.525
92.05555556,-0.49
92.05833333,-0.465
92.06111111,-0.395
92.06388889,-0.35
92.06666667,-0.325
92.06944444,-0.36
92.07222222,-0.41
92.075,-0.45
92.07777778,-0.45
92.08055556,-0.425
92.08333333,-0.38
92.08611111,-0.365
92.08888889,-0.365
92.09166667,-0.35
92.09444444,-0.325
92.09722222,-0.335
92.1,-0.325
92.10277778,-0.33
92.10555556,-0.34
92.10833333,-0.315
92.11111111,-0.285
92.11388889,-0.255
92.11666667,-0.26
92.11944444,-0.28
92.12222222,-0.315
92.125,-0.34
92.12777778,-0.34
92.13055556,-0.33
92.13333333,-0.325
92.13611111,-0.335
92.13888889,-0.33
92.14166667,-0.33
92.14444444,-0.325
92.14722222,-0.295
92.15,-0.275
92.15277778,-0.275
92.15555556,-0.26
92.15833333,-0.265
92.16111111,-0.3
92.16388889,-0.34
92.16666667,-0.36
92.16944444,-0.35
92.17222222,-0.35
92.175,-0.355
92.17777778,-0.345
92.18055556,-0.33
92.18333333,-0.33
92.18611111,-0.34
92.18888889,-0.33
92.19166667,-0.31
92.19444444,-0.3
92.19722222,-0.285
92.2,-0.295
92.20277778,-0.32
92.20555556,-0.33
92.20833333,-0.32
92.21111111,-0.3
92.21388889,-0.28
92.21666667,-0.3
92.21944444,-0.31
92.22222222,-0.325
92.225,-0.32
92.22777778,-0.285
92.23055556,-0.26
92.23333333,-0.25
92.23611111,-0.275
92.23888889,-0.275
92.24166667,-0.285
92.24444444,-0.29
92.24722222,-0.29
92.25,-0.32
92.25277778,-0.32
92.25555556,-0.32
92.25833333,-0.32
92.26111111,-0.3
92.26388889,-0.275
92.26666667,-0.275
92.26944444,-0.28
92.27222222,-0.285
92.275,-0.275
92.27777778,-0.27
92.28055556,-0.285
92.28333333,-0.315
92.28611111,-0.335
92.28888889,-0.345
92.29166667,-0.33
92.29444444,-0.29
92.29722222,-0.285
92.3,-0.275
92.30277778,-0.29
92.30555556,-0.3
92.30833333,-0.29
92.31111111,-0.29
92.31388889,-0.28
92.31666667,-0.3
92.31944444,-0.315
92.32222222,-0.31
92.325,-0.3
92.32777778,-0.3
92.33055556,-0.31
92.33333333,-0.305
92.33611111,-0.325
92.33888889,-0.34
92.34166667,-0.315
92.34444444,-0.295
92.34722222,-0.285
92.35,-0.3
92.35277778,-0.31
92.35555556,-0.305
92.35833333,-0.285
92.36111111,-0.265
92.36388889,-0.26
92.36666667,-0.27
92.36944444,-0.265
92.37222222,-0.275
92.375,-0.265
92.37777778,-0.265
92.38055556,-0.245
92.38333333,-0.265
92.38611111,-0.275
92.38888889,-0.32
92.39166667,-0.33
92.39444444,-0.285
92.39722222,-0.245
92.4,-0.25
92.40277778,-0.265
92.40555556,-0.295
92.40833333,-0.305
92.41111111,-0.285
92.41388889,-0.275
92.41666667,-0.26
92.41944444,-0.28
92.42222222,-0.265
92.425,-0.275
92.42777778,-0.265
92.43055556,-0.255
92.43333333,-0.275
92.43611111,-0.275
92.43888889,-0.285
92.44166667,-0.285
92.44444444,-0.25
92.44722222,-0.235
92.45,-0.265
92.45277778,-0.25
92.45555556,-0.255
92.45833333,-0.245
92.46111111,-0.215
92.46388889,-0.21
92.46666667,-0.245
92.46944444,-0.285
92.47222222,-0.29
92.475,-0.265
92.47777778,-0.225
92.48055556,-0.225
92.48333333,-0.25
92.48611111,-0.285
92.48888889,-0.315
92.49166667,-0.305
92.49444444,-0.27
92.49722222,-0.26
92.5,-0.255
92.50277778,-0.26
92.50555556,-0.26
92.50833333,-0.25
92.51111111,-0.225
92.51388889,-0.215
92.51666667,-0.24
92.51944444,-0.255
92.52222222,-0.265
92.525,-0.25
92.52777778,-0.235
92.53055556,-0.24
92.53333333,-0.255
92.53611111,-0.26
92.53888889,-0.265
92.54166667,-0.245
92.54444444,-0.245
92.54722222,-0.245
92.55,-0.24
92.55277778,-0.265
92.55555556,-0.285
92.55833333,-0.255
92.56111111,-0.235
92.56388889,-0.22
92.56666667,-0.225
92.56944444,-0.235
92.57222222,-0.24
92.575,-0.245
92.57777778,-0.23
92.58055556,-0.225
92.58333333,-0.215
92.58611111,-0.225
92.58888889,-0.25
92.59166667,-0.25
92.59444444,-0.21
92.59722222,-0.19
92.6,-0.2
92.60277778,-0.245
92.60555556,-0.245
92.60833333,-0.24
92.61111111,-0.235
92.61388889,-0.235
92.61666667,-0.235
92.61944444,-0.23
92.62222222,-0.235
92.625,-0.23
92.62777778,-0.21
92.63055556,-0.21
92.63333333,-0.23
92.63611111,-0.235
92.63888889,-0.245
92.64166667,-0.25
92.64444444,-0.24
92.64722222,-0.235
92.65,-0.23
92.65277778,-0.235
92.65555556,-0.225
92.65833333,-0.22
92.66111111,-0.2
92.66388889,-0.175
92.66666667,-0.18
92.66944444,-0.2
92.67222222,-0.235
92.675,-0.24
92.67777778,-0.22
92.68055556,-0.205
92.68333333,-0.21
92.68611111,-0.23
92.68888889,-0.23
92.69166667,-0.235
92.69444444,-0.22
92.69722222,-0.21
92.7,-0.205
92.70277778,-0.225
92.70555556,-0.235
92.70833333,-0.23
92.71111111,-0.22
92.71388889,-0.21
92.71666667,-0.225
92.71944444,-0.235
92.72222222,-0.215
92.725,-0.2
92.72777778,-0.19
92.73055556,-0.19
92.73333333,-0.175
92.73611111,-0.2
92.73888889,-0.245
92.74166667,-0.225
92.74444444,-0.21
92.74722222,-0.205
92.75,-0.205
92.75277778,-0.22
92.75555556,-0.24
92.75833333,-0.225
92.76111111,-0.21
92.76388889,-0.19
92.76666667,-0.19
92.76944444,-0.2
92.77222222,-0.215
92.775,-0.21
92.77777778,-0.2
92.78055556,-0.19
92.78333333,-0.19
92.78611111,-0.205
92.78888889,-0.22
92.79166667,-0.205
92.79444444,-0.165
92.79722222,-0.145
92.8,-0.17
92.80277778,-0.23
92.80555556,-0.285
92.80833333,-0.28
92.81111111,-0.235
92.81388889,-0.18
92.81666667,-0.18
92.81944444,-0.19
92.82222222,-0.21
92.825,-0.185
92.82777778,-0.175
92.83055556,-0.165
92.83333333,-0.17
92.83611111,-0.175
92.83888889,-0.18
92.84166667,-0.18
92.84444444,-0.18
92.84722222,-0.19
92.85,-0.19
92.85277778,-0.19
92.85555556,-0.17
92.85833333,-0.105
92.86111111,-0.065
92.86388889,-0.045
92.86666667,-0.065
92.86944444,-0.065
92.87222222,-0.07
92.875,-0.04
92.87777778,0.015
92.88055556,0.085
92.88333333,0.135
92.88611111,0.14
92.88888889,0.11
92.89166667,0.11
92.89444444,0.115
92.89722222,0.125
92.9,0.125
92.90277778,0.1
92.90555556,0.055
92.90833333,0.005
92.91111111,-0.025
92.91388889,-0.05
92.91666667,-0.07
92.91944444,-0.095
92.92222222,-0.105
92.925,-0.125
92.92777778,-0.135
92.93055556,-0.14
92.93333333,-0.17
92.93611111,-0.18
92.93888889,-0.18
92.94166667,-0.17
92.94444444,-0.175
92.94722222,-0.165
92.95,-0.155
92.95277778,-0.165
92.95555556,-0.205
92.95833333,-0.225
92.96111111,-0.28
92.96388889,-0.32
92.96666667,-0.315
92.96944444,-0.2
92.97222222,0.02
92.975,0.4
92.97777778,0.915
92.98055556,1.395
92.98333333,1.745
92.98611111,1.95
92.98888889,2.03
92.99166667,2.05
92.99444444,1.935
92.99722222,1.63
93,1.085
93.00277778,0.445
93.00555556,-0.195
93.00833333,-0.61
93.01111111,-0.53
93.01388889,-0.355
93.01666667,-0.28
93.01944444,-0.3
93.02222222,-0.31
93.025,-0.28
93.02777778,-0.24
93.03055556,-0.23
93.03333333,-0.245
93.03611111,-0.27
93.03888889,-0.275
93.04166667,-0.26
93.04444444,-0.265
93.04722222,-0.275
93.05,-0.29
93.05277778,-0.295
93.05555556,-0.315
93.05833333,-0.305
93.06111111,-0.275
93.06388889,-0.245
93.06666667,-0.24
93.06944444,-0.25
93.07222222,-0.25
93.075,-0.255
93.07777778,-0.265
93.08055556,-0.24
93.08333333,-0.275
93.08611111,-0.31
93.08888889,-0.335
93.09166667,-0.305
93.09444444,-0.275
93.09722222,-0.255
93.1,-0.255
93.10277778,-0.265
93.10555556,-0.255
93.10833333,-0.26
93.11111111,-0.24
93.11388889,-0.23
93.11666667,-0.24
93.11944444,-0.265
93.12222222,-0.265
93.125,-0.26
93.12777778,-0.23
93.13055556,-0.205
93.13333333,-0.19
93.13611111,-0.2
93.13888889,-0.18
93.14166667,-0.15
93.14444444,-0.135
93.14722222,-0.17
93.15,-0.205
93.15277778,-0.205
93.15555556,-0.165
93.15833333,-0.125
93.16111111,-0.095
93.16388889,-0.07
93.16666667,-0.055
93.16944444,-0.035
93.17222222,-0.03
93.175,-0.065
93.17777778,-0.095
93.18055556,-0.09
93.18333333,-0.02
93.18611111,0.05
93.18888889,0.07
93.19166667,0.08
93.19444444,0.105
93.19722222,0.145
93.2,0.155
93.20277778,0.195
93.20555556,0.215
93.20833333,0.255
93.21111111,0.295
93.21388889,0.335
93.21666667,0.38
93.21944444,0.39
93.22222222,0.415
93.225,0.445
93.22777778,0.485
93.23055556,0.515
93.23333333,0.54
93.23611111,0.545
93.23888889,0.56
93.24166667,0.58
93.24444444,0.6
93.24722222,0.625
93.25,0.655
93.25277778,0.62
93.25555556,0.61
93.25833333,0.615
93.26111111,0.63
93.26388889,0.655
93.26666667,0.625
93.26944444,0.555
93.27222222,0.475
93.275,0.485
93.27777778,0.495
93.28055556,0.485
93.28333333,0.46
93.28611111,0.415
93.28888889,0.365
93.29166667,0.35
93.29444444,0.355
93.29722222,0.34
93.3,0.3
93.30277778,0.26
93.30555556,0.22
93.30833333,0.21
93.31111111,0.2
93.31388889,0.19
93.31666667,0.16
93.31944444,0.125
93.32222222,0.085
93.325,0.065
93.32777778,0.07
93.33055556,0.065
93.33333333,0.075
93.33611111,0.055
93.33888889,0.005
93.34166667,-0.01
93.34444444,-0.005
93.34722222,0
93.35,-0.01
93.35277778,-0.03
93.35555556,-0.065
93.35833333,-0.08
93.36111111,-0.075
93.36388889,-0.095
93.36666667,-0.095
93.36944444,-0.105
93.37222222,-0.12
93.375,-0.11
93.37777778,-0.125
93.38055556,-0.105
93.38333333,-0.1
93.38611111,-0.105
93.38888889,-0.13
93.39166667,-0.125
93.39444444,-0.095
93.39722222,-0.095
93.4,-0.09
93.40277778,-0.11
93.40555556,-0.11
93.40833333,-0.1
93.41111111,-0.09
93.41388889,-0.075
93.41666667,-0.085
93.41944444,-0.085
93.42222222,-0.105
93.425,-0.11
93.42777778,-0.085
93.43055556,-0.05
93.43333333,-0.045
93.43611111,-0.045
93.43888889,-0.04
93.44166667,0
93.44444444,0.065
93.44722222,0.135
93.45,0.17
93.45277778,0.185
93.45555556,0.19
93.45833333,0.22
93.46111111,0.28
93.46388889,0.375
93.46666667,0.495
93.46944444,0.65
93.47222222,0.81
93.475,0.98
93.47777778,1.1
93.48055556,1.135
93.48333333,1.06
93.48611111,0.955
93.48888889,0.78
93.49166667,0.565
93.49444444,0.265
93.49722222,-0.17
93.5,-0.71
93.50277778,-1.185
93.50555556,-1.455
93.50833333,-1.52
93.51111111,-1.45
93.51388889,-1.315
93.51666667,-1.19
93.51944444,-1.135
93.52222222,-1.14
93.525,-1.155
93.52777778,-1.16
93.53055556,-1.175
93.53333333,-1.15
93.53611111,-1.145
93.53888889,-1.105
93.54166667,-1.075
93.54444444,-1.03
93.54722222,-0.965
93.55,-0.91
93.55277778,-0.875
93.55555556,-0.835
93.55833333,-0.785
93.56111111,-0.675
93.56388889,-0.575
93.56666667,-0.515
93.56944444,-0.495
93.57222222,-0.475
93.575,-0.425
93.57777778,-0.375
93.58055556,-0.335
93.58333333,-0.35
93.58611111,-0.355
93.58888889,-0.365
93.59166667,-0.325
93.59444444,-0.29
93.59722222,-0.225
93.6,-0.185
93.60277778,-0.195
93.60555556,-0.225
93.60833333,-0.235
93.61111111,-0.25
93.61388889,-0.245
93.61666667,-0.235
93.61944444,-0.225
93.62222222,-0.22
93.625,-0.205
93.62777778,-0.19
93.63055556,-0.15
93.63333333,-0.15
93.63611111,-0.16
93.63888889,-0.18
93.64166667,-0.185
93.64444444,-0.155
93.64722222,-0.13
93.65,-0.12
93.65277778,-0.125
93.65555556,-0.14
93.65833333,-0.135
93.66111111,-0.11
93.66388889,-0.07
93.66666667,-0.055
93.66944444,-0.06
93.67222222,-0.075
93.675,-0.075
93.67777778,-0.03
93.68055556,0.005
93.68333333,0.035
93.68611111,0.05
93.68888889,0.065
93.69166667,0.095
93.69444444,0.155
93.69722222,0.19
93.7,0.225
93.70277778,0.255
93.70555556,0.275
93.70833333,0.345
93.71111111,0.4
93.71388889,0.465
93.71666667,0.49
93.71944444,0.515
93.72222222,0.54
93.725,0.58
93.72777778,0.62
93.73055556,0.67
93.73333333,0.72
93.73611111,0.72
93.73888889,0.725
93.74166667,0.73
93.74444444,0.76
93.74722222,0.79
93.75,0.78
93.75277778,0.78
93.75555556,0.765
93.75833333,0.755
93.76111111,0.775
93.76388889,0.775
93.76666667,0.765
93.76944444,0.745
93.77222222,0.71
93.775,0.68
93.77777778,0.655
93.78055556,0.64
93.78333333,0.615
93.78611111,0.575
93.78888889,0.52
93.79166667,0.495
93.79444444,0.47
93.79722222,0.465
93.8,0.42
93.80277778,0.37
93.80555556,0.33
93.80833333,0.315
93.81111111,0.295
93.81388889,0.27
93.81666667,0.24
93.81944444,0.21
93.82222222,0.17
93.825,0.165
93.82777778,0.155
93.83055556,0.125
93.83333333,0.085
93.83611111,0.035
93.83888889,0.005
93.84166667,0.01
93.84444444,0.005
93.84722222,0.025
93.85,0.015
93.85277778,-0.005
93.85555556,-0.02
93.85833333,-0.015
93.86111111,0
93.86388889,-0.025
93.86666667,-0.055
93.86944444,-0.075
93.87222222,-0.095
93.875,-0.045
93.87777778,-0.025
93.88055556,-0.01
93.88333333,-0.01
93.88611111,0.005
93.88888889,0.01
93.89166667,0.055
93.89444444,0.1
93.89722222,0.175
93.9,0.215
93.90277778,0.275
93.90555556,0.355
93.90833333,0.435
93.91111111,0.515
93.91388889,0.61
93.91666667,0.695
93.91944444,0.765
93.92222222,0.85
93.925,0.96
93.92777778,1.075
93.93055556,1.205
93.93333333,1.3
93.93611111,1.37
93.93888889,1.4
93.94166667,1.4
93.94444444,1.4
93.94722222,1.425
93.95,1.415
93.95277778,1.34
93.95555556,1.215
93.95833333,1.095
93.96111111,0.98
93.96388889,0.915
93.96666667,0.885
93.96944444,0.88
93.97222222,0.865
93.975,0.82
93.97777778,0.76
93.98055556,0.61
93.98333333,0.41
93.98611111,0.185
93.98888889,-0.01
93.99166667,-0.175
93.99444444,-0.265
93.99722222,-0.315
94,-0.385
94.00277778,-0.455
94.00555556,-0.5
94.00833333,-0.53
94.01111111,-0.53
94.01388889,-0.555
94.01666667,-0.575
94.01944444,-0.59
94.02222222,-0.615
94.025,-0.66
94.02777778,-0.685
94.03055556,-0.705
94.03333333,-0.735
94.03611111,-0.77
94.03888889,-0.81
94.04166667,-0.81
94.04444444,-0.8
94.04722222,-0.79
94.05,-0.79
94.05277778,-0.805
94.05555556,-0.82
94.05833333,-0.83
94.06111111,-0.815
94.06388889,-0.825
94.06666667,-0.81
94.06944444,-0.81
94.07222222,-0.81
94.075,-0.8
94.07777778,-0.8
94.08055556,-0.8
94.08333333,-0.81
94.08611111,-0.825
94.08888889,-0.805
94.09166667,-0.775
94.09444444,-0.765
94.09722222,-0.765
94.1,-0.785
94.10277778,-0.81
94.10555556,-0.82
94.10833333,-0.825
94.11111111,-0.825
94.11388889,-0.835
94.11666667,-0.86
94.11944444,-0.865
94.12222222,-0.875
94.125,-0.9
94.12777778,-0.9
94.13055556,-0.905
94.13333333,-0.925
94.13611111,-0.945
94.13888889,-0.95
94.14166667,-0.945
94.14444444,-0.93
94.14722222,-0.93
94.15,-0.945
94.15277778,-0.96
94.15555556,-0.95
94.15833333,-0.945
94.16111111,-0.91
94.16388889,-0.91
94.16666667,-0.915
94.16944444,-0.975
94.17222222,-1
94.175,-0.99
94.17777778,-0.945
94.18055556,-0.885
94.18333333,-0.865
94.18611111,-0.88
94.18888889,-0.88
94.19166667,-0.855
94.19444444,-0.8
94.19722222,-0.76
94.2,-0.725
94.20277778,-0.725
94.20555556,-0.715
94.20833333,-0.675
94.21111111,-0.62
94.21388889,-0.575
94.21666667,-0.555
94.21944444,-0.52
94.22222222,-0.51
94.225,-0.475
94.22777778,-0.445
94.23055556,-0.395
94.23333333,-0.39
94.23611111,-0.375
94.23888889,-0.35
94.24166667,-0.325
94.24444444,-0.32
94.24722222,-0.29
94.25,-0.265
94.25277778,-0.25
94.25555556,-0.24
94.25833333,-0.24
94.26111111,-0.235
94.26388889,-0.215
94.26666667,-0.205
94.26944444,-0.2
94.27222222,-0.205
94.275,-0.205
94.27777778,-0.18
94.28055556,-0.155
94.28333333,-0.165
94.28611111,-0.21
94.28888889,-0.22
94.29166667,-0.2
94.29444444,-0.16
94.29722222,-0.16
94.3,-0.195
94.30277778,-0.215
94.30555556,-0.235
94.30833333,-0.22
94.31111111,-0.235
94.31388889,-0.205
94.31666667,-0.205
94.31944444,-0.215
94.32222222,-0.23
94.325,-0.23
94.32777778,-0.225
94.33055556,-0.215
94.33333333,-0.205
94.33611111,-0.215
94.33888889,-0.245
94.34166667,-0.23
94.34444444,-0.215
94.34722222,-0.205
94.35,-0.225
94.35277778,-0.25
94.35555556,-0.265
94.35833333,-0.255
94.36111111,-0.245
94.36388889,-0.225
94.36666667,-0.23
94.36944444,-0.25
94.37222222,-0.255
94.375,-0.24
94.37777778,-0.225
94.38055556,-0.215
94.38333333,-0.235
94.38611111,-0.235
94.38888889,-0.235
94.39166667,-0.22
94.39444444,-0.22
94.39722222,-0.23
94.4,-0.255
94.40277778,-0.265
94.40555556,-0.265
94.40833333,-0.26
94.41111111,-0.24
94.41388889,-0.23
94.41666667,-0.23
94.41944444,-0.235
94.42222222,-0.255
94.425,-0.25
94.42777778,-0.235
94.43055556,-0.225
94.43333333,-0.22
94.43611111,-0.235
94.43888889,-0.25
94.44166667,-0.26
94.44444444,-0.265
94.44722222,-0.245
94.45,-0.255
94.45277778,-0.25
94.45555556,-0.26
94.45833333,-0.265
94.46111111,-0.265
94.46388889,-0.27
94.46666667,-0.28
94.46944444,-0.265
94.47222222,-0.275
94.475,-0.275
94.47777778,-0.265
94.48055556,-0.255
94.48333333,-0.25
94.48611111,-0.265
94.48888889,-0.285
94.49166667,-0.28
94.49444444,-0.28
94.49722222,-0.275
94.5,-0.285
94.50277778,-0.27
94.50555556,-0.275
94.50833333,-0.27
94.51111111,-0.285
94.51388889,-0.265
94.51666667,-0.26
94.51944444,-0.26
94.52222222,-0.275
94.525,-0.27
94.52777778,-0.26
94.53055556,-0.26
94.53333333,-0.28
94.53611111,-0.31
94.53888889,-0.32
94.54166667,-0.305
94.54444444,-0.285
94.54722222,-0.265
94.55,-0.285
94.55277778,-0.285
94.55555556,-0.32
94.55833333,-0.315
94.56111111,-0.32
94.56388889,-0.335
94.56666667,-0.325
94.56944444,-0.305
94.57222222,-0.29
94.575,-0.28
94.57777778,-0.275
94.58055556,-0.28
94.58333333,-0.285
94.58611111,-0.325
94.58888889,-0.34
94.59166667,-0.32
94.59444444,-0.29
94.59722222,-0.27
94.6,-0.285
94.60277778,-0.3
94.60555556,-0.315
94.60833333,-0.31
94.61111111,-0.295
94.61388889,-0.3
94.61666667,-0.3
94.61944444,-0.31
94.62222222,-0.3
94.625,-0.285
94.62777778,-0.27
94.63055556,-0.26
94.63333333,-0.285
94.63611111,-0.3
94.63888889,-0.285
94.64166667,-0.28
94.64444444,-0.235
94.64722222,-0.235
94.65,-0.26
94.65277778,-0.29
94.65555556,-0.31
94.65833333,-0.305
94.66111111,-0.29
94.66388889,-0.28
94.66666667,-0.295
94.66944444,-0.3
94.67222222,-0.295
94.675,-0.295
94.67777778,-0.285
94.68055556,-0.275
94.68333333,-0.265
94.68611111,-0.295
94.68888889,-0.305
94.69166667,-0.31
94.69444444,-0.28
94.69722222,-0.265
94.7,-0.255
94.70277778,-0.265
94.70555556,-0.26
94.70833333,-0.265
94.71111111,-0.25
94.71388889,-0.265
94.71666667,-0.27
94.71944444,-0.275
94.72222222,-0.285
94.725,-0.29
94.72777778,-0.27
94.73055556,-0.245
94.73333333,-0.255
94.73611111,-0.27
94.73888889,-0.27
94.74166667,-0.265
94.74444444,-0.26
94.74722222,-0.245
94.75,-0.245
94.75277778,-0.265
94.75555556,-0.275
94.75833333,-0.275
94.76111111,-0.265
94.76388889,-0.25
94.76666667,-0.25
94.76944444,-0.27
94.77222222,-0.29
94.775,-0.29
94.77777778,-0.275
94.78055556,-0.265
94.78333333,-0.26
94.78611111,-0.25
94.78888889,-0.265
94.79166667,-0.26
94.79444444,-0.26
94.79722222,-0.25
94.8,-0.255
94.80277778,-0.25
94.80555556,-0.27
94.80833333,-0.255
94.81111111,-0.245
94.81388889,-0.22
94.81666667,-0.225
94.81944444,-0.24
94.82222222,-0.24
94.825,-0.235
94.82777778,-0.24
94.83055556,-0.225
94.83333333,-0.25
94.83611111,-0.26
94.83888889,-0.26
94.84166667,-0.25
94.84444444,-0.245
94.84722222,-0.23
94.85,-0.23
94.85277778,-0.24
94.85555556,-0.255
94.85833333,-0.24
94.86111111,-0.23
94.86388889,-0.225
94.86666667,-0.22
94.86944444,-0.235
94.87222222,-0.24
94.875,-0.23
94.87777778,-0.23
94.88055556,-0.21
94.88333333,-0.215
94.88611111,-0.22
94.88888889,-0.235
94.89166667,-0.255
94.89444444,-0.25
94.89722222,-0.23
94.9,-0.235
94.90277778,-0.255
94.90555556,-0.26
94.90833333,-0.23
94.91111111,-0.21
94.91388889,-0.215
94.91666667,-0.21
94.91944444,-0.21
94.92222222,-0.225
94.925,-0.205
94.92777778,-0.195
94.93055556,-0.18
94.93333333,-0.18
94.93611111,-0.185
94.93888889,-0.2
94.94166667,-0.225
94.94444444,-0.235
94.94722222,-0.22
94.95,-0.23
94.95277778,-0.215
94.95555556,-0.235
94.95833333,-0.22
94.96111111,-0.22
94.96388889,-0.205
94.96666667,-0.195
94.96944444,-0.205
94.97222222,-0.225
94.975,-0.215
94.97777778,-0.21
94.98055556,-0.195
94.98333333,-0.21
94.98611111,-0.225
94.98888889,-0.225
94.99166667,-0.225
94.99444444,-0.22
94.99722222,-0.205
95,-0.225
95.00277778,-0.21
95.00555556,-0.22
95.00833333,-0.2
95.01111111,-0.2
95.01388889,-0.18
95.01666667,-0.195
95.01944444,-0.215
95.02222222,-0.235
95.025,-0.21
95.02777778,-0.18
95.03055556,-0.145
95.03333333,-0.155
95.03611111,-0.185
95.03888889,-0.195
95.04166667,-0.205
95.04444444,-0.19
95.04722222,-0.18
95.05,-0.185
95.05277778,-0.205
95.05555556,-0.215
95.05833333,-0.2
95.06111111,-0.195
95.06388889,-0.18
95.06666667,-0.17
95.06944444,-0.19
95.07222222,-0.2
95.075,-0.21
95.07777778,-0.21
95.08055556,-0.19
95.08333333,-0.19
95.08611111,-0.19
95.08888889,-0.185
95.09166667,-0.175
95.09444444,-0.19
95.09722222,-0.16
95.1,-0.17
95.10277778,-0.175
95.10555556,-0.185
95.10833333,-0.165
95.11111111,-0.155
95.11388889,-0.145
95.11666667,-0.16
95.11944444,-0.165
95.12222222,-0.175
95.125,-0.165
95.12777778,-0.13
95.13055556,-0.115
95.13333333,-0.135
95.13611111,-0.125
95.13888889,-0.15
95.14166667,-0.155
95.14444444,-0.13
95.14722222,-0.095
95.15,-0.08
95.15277778,-0.08
95.15555556,-0.065
95.15833333,-0.05
95.16111111,-0.035
95.16388889,-0.01
95.16666667,0.03
95.16944444,0.06
95.17222222,0.1
95.175,0.15
95.17777778,0.175
95.18055556,0.175
95.18333333,0.175
95.18611111,0.16
95.18888889,0.16
95.19166667,0.175
95.19444444,0.2
95.19722222,0.205
95.2,0.155
95.20277778,0.08
95.20555556,0.005
95.20833333,-0.025
95.21111111,-0.05
95.21388889,-0.07
95.21666667,-0.08
95.21944444,-0.11
95.22222222,-0.13
95.225,-0.13
95.22777778,-0.125
95.23055556,-0.12
95.23333333,-0.135
95.23611111,-0.15
95.23888889,-0.17
95.24166667,-0.17
95.24444444,-0.145
95.24722222,-0.15
95.25,-0.145
95.25277778,-0.17
95.25555556,-0.18
95.25833333,-0.205
95.26111111,-0.235
95.26388889,-0.275
95.26666667,-0.29
95.26944444,-0.26
95.27222222,-0.115
95.275,0.175
95.27777778,0.59
95.28055556,1.07
95.28333333,1.495
95.28611111,1.77
95.28888889,1.925
95.29166667,2.01
95.29444444,2.02
95.29722222,1.9
95.3,1.595
95.30277778,1.07
95.30555556,0.43
95.30833333,-0.21
95.31111111,-0.605
95.31388889,-0.555
95.31666667,-0.375
95.31944444,-0.305
95.32222222,-0.315
95.325,-0.325
95.32777778,-0.3
95.33055556,-0.25
95.33333333,-0.255
95.33611111,-0.255
95.33888889,-0.265
95.34166667,-0.25
95.34444444,-0.25
95.34722222,-0.235
95.35,-0.245
95.35277778,-0.26
95.35555556,-0.285
95.35833333,-0.285
95.36111111,-0.275
95.36388889,-0.265
95.36666667,-0.265
95.36944444,-0.28
95.37222222,-0.27
95.375,-0.275
95.37777778,-0.265
95.38055556,-0.235
95.38333333,-0.24
95.38611111,-0.25
95.38888889,-0.275
95.39166667,-0.265
95.39444444,-0.245
95.39722222,-0.245
95.4,-0.25
95.40277778,-0.26
95.40555556,-0.255
95.40833333,-0.24
95.41111111,-0.22
95.41388889,-0.21
95.41666667,-0.21
95.41944444,-0.22
95.42222222,-0.22
95.425,-0.23
95.42777778,-0.21
95.43055556,-0.195
95.43333333,-0.215
95.43611111,-0.225
95.43888889,-0.21
95.44166667,-0.19
95.44444444,-0.165
95.44722222,-0.15
95.45,-0.155
95.45277778,-0.14
95.45555556,-0.14
95.45833333,-0.14
95.46111111,-0.13
95.46388889,-0.11
95.46666667,-0.12
95.46944444,-0.115
95.47222222,-0.12
95.475,-0.1
95.47777778,-0.085
95.48055556,-0.065
95.48333333,-0.04
95.48611111,-0.04
95.48888889,-0.045
95.49166667,-0.04
95.49444444,-0.005
95.49722222,0.015
95.5,0.01
95.50277778,0.03
95.50555556,0.04
95.50833333,0.085
95.51111111,0.115
95.51388889,0.13
95.51666667,0.135
95.51944444,0.135
95.52222222,0.145
95.525,0.175
95.52777778,0.205
95.53055556,0.23
95.53333333,0.23
95.53611111,0.25
95.53888889,0.245
95.54166667,0.26
95.54444444,0.28
95.54722222,0.31
95.55,0.335
95.55277778,0.33
95.55555556,0.34
95.55833333,0.365
95.56111111,0.41
95.56388889,0.425
95.56666667,0.43
95.56944444,0.44
95.57222222,0.435
95.575,0.435
95.57777778,0.46
95.58055556,0.465
95.58333333,0.47
95.58611111,0.47
95.58888889,0.465
95.59166667,0.465
95.59444444,0.47
95.59722222,0.475
95.6,0.455
95.60277778,0.445
95.60555556,0.415
95.60833333,0.42
95.61111111,0.425
95.61388889,0.425
95.61666667,0.395
95.61944444,0.365
95.62222222,0.34
95.625,0.32
95.62777778,0.31
95.63055556,0.295
95.63333333,0.275
95.63611111,0.235
95.63888889,0.205
95.64166667,0.19
95.64444444,0.185
95.64722222,0.18
95.65,0.16
95.65277778,0.115
95.65555556,0.095
95.65833333,0.1
95.66111111,0.06
95.66388889,0.07
95.66666667,0.05
95.66944444,0.025
95.67222222,0.01
95.675,0.01
95.67777778,0.005
95.68055556,0.01
95.68333333,-0.005
95.68611111,-0.03
95.68888889,-0.035
95.69166667,-0.035
95.69444444,-0.06
95.69722222,-0.045
95.7,-0.03
95.70277778,-0.05
95.70555556,-0.075
95.70833333,-0.065
95.71111111,-0.055
95.71388889,-0.04
95.71666667,-0.06
95.71944444,-0.085
95.72222222,-0.105
95.725,-0.08
95.72777778,-0.075
95.73055556,-0.05
95.73333333,-0.055
95.73611111,-0.075
95.73888889,-0.06
95.74166667,-0.03
95.74444444,-0.02
95.74722222,-0.01
95.75,-0.035
95.75277778,-0.045
95.75555556,-0.05
95.75833333,-0.04
95.76111111,-0.04
95.76388889,-0.015
95.76666667,-0.01
95.76944444,-0.02
95.77222222,-0.025
95.775,-0.02
95.77777778,0.01
95.78055556,0.025
95.78333333,0
95.78611111,-0.035
95.78888889,-0.055
95.79166667,-0.03
95.79444444,-0.05
95.79722222,-0.04
95.8,-0.045
95.80277778,-0.045
95.80555556,-0.04
95.80833333,-0.045
95.81111111,-0.02
95.81388889,-0.035
95.81666667,-0.035
95.81944444,-0.055
95.82222222,-0.08
95.825,-0.115
95.82777778,-0.115
95.83055556,-0.07
95.83333333,-0.07
95.83611111,-0.1
95.83888889,-0.135
95.84166667,-0.15
95.84444444,-0.15
95.84722222,-0.14
95.85,-0.155
95.85277778,-0.165
95.85555556,-0.17
95.85833333,-0.165
95.86111111,-0.185
95.86388889,-0.175
95.86666667,-0.18
95.86944444,-0.175
95.87222222,-0.195
95.875,-0.215
95.87777778,-0.23
95.88055556,-0.215
95.88333333,-0.22
95.88611111,-0.23
95.88888889,-0.235
95.89166667,-0.245
95.89444444,-0.235
95.89722222,-0.22
95.9,-0.22
95.90277778,-0.23
95.90555556,-0.26
95.90833333,-0.27
95.91111111,-0.26
95.91388889,-0.25
95.91666667,-0.215
95.91944444,-0.23
95.92222222,-0.265
95.925,-0.29
95.92777778,-0.26
95.93055556,-0.255
95.93333333,-0.265
95.93611111,-0.28
95.93888889,-0.26
95.94166667,-0.255
95.94444444,-0.24
95.94722222,-0.255
95.95,-0.275
95.95277778,-0.3
95.95555556,-0.305
95.95833333,-0.31
95.96111111,-0.315
95.96388889,-0.3
95.96666667,-0.325
95.96944444,-0.325
95.97222222,-0.33
95.975,-0.31
95.97777778,-0.3
95.98055556,-0.28
95.98333333,-0.285
95.98611111,-0.295
95.98888889,-0.33
95.99166667,-0.335
95.99444444,-0.335
95.99722222,-0.315
96,-0.315
96.00277778,-0.325
96.00555556,-0.325
96.00833333,-0.315
96.01111111,-0.31
96.01388889,-0.305
96.01666667,-0.325
96.01944444,-0.33
96.02222222,-0.355
96.025,-0.365
96.02777778,-0.37
96.03055556,-0.375
96.03333333,-0.37
96.03611111,-0.375
96.03888889,-0.37
96.04166667,-0.36
96.04444444,-0.365
96.04722222,-0.345
96.05,-0.34
96.05277778,-0.35
96.05555556,-0.345
96.05833333,-0.345
96.06111111,-0.32
96.06388889,-0.31
96.06666667,-0.315
96.06944444,-0.335
96.07222222,-0.35
96.075,-0.34
96.07777778,-0.33
96.08055556,-0.325
96.08333333,-0.34
96.08611111,-0.36
96.08888889,-0.37
96.09166667,-0.35
96.09444444,-0.33
96.09722222,-0.315
96.1,-0.32
96.10277778,-0.34
96.10555556,-0.36
96.10833333,-0.365
96.11111111,-0.37
96.11388889,-0.36
96.11666667,-0.355
96.11944444,-0.37
96.12222222,-0.355
96.125,-0.35
96.12777778,-0.345
96.13055556,-0.345
96.13333333,-0.33
96.13611111,-0.33
96.13888889,-0.37
96.14166667,-0.375
96.14444444,-0.355
96.14722222,-0.33
96.15,-0.29
96.15277778,-0.26
96.15555556,-0.245
96.15833333,-0.245
96.16111111,-0.26
96.16388889,-0.255
96.16666667,-0.225
96.16944444,-0.19
96.17222222,-0.125
96.175,-0.085
96.17777778,-0.035
96.18055556,-0.01
96.18333333,-0.04
96.18611111,-0.07
96.18888889,-0.085
96.19166667,-0.07
96.19444444,-0.045
96.19722222,-0.055
96.2,-0.095
96.20277778,-0.135
96.20555556,-0.185
96.20833333,-0.215
96.21111111,-0.24
96.21388889,-0.265
96.21666667,-0.285
96.21944444,-0.3
96.22222222,-0.325
96.225,-0.34
96.22777778,-0.35
96.23055556,-0.38
96.23333333,-0.395
96.23611111,-0.39
96.23888889,-0.415
96.24166667,-0.4
96.24444444,-0.41
96.24722222,-0.4
96.25,-0.41
96.25277778,-0.41
96.25555556,-0.405
96.25833333,-0.395
96.26111111,-0.38
96.26388889,-0.425
96.26666667,-0.515
96.26944444,-0.56
96.27222222,-0.475
96.275,-0.27
96.27777778,0.065
96.28055556,0.515
96.28333333,0.995
96.28611111,1.415
96.28888889,1.7
96.29166667,1.855
96.29444444,1.925
96.29722222,1.88
96.3,1.7
96.30277778,1.3
96.30555556,0.66
96.30833333,0.02
96.31111111,-0.62
96.31388889,-0.88
96.31666667,-0.75
96.31944444,-0.59
96.32222222,-0.58
96.325,-0.6
96.32777778,-0.575
96.33055556,-0.515
96.33333333,-0.485
96.33611111,-0.485
96.33888889,-0.505
96.34166667,-0.49
96.34444444,-0.465
96.34722222,-0.45
96.35,-0.46
96.35277778,-0.49
96.35555556,-0.51
96.35833333,-0.505
96.36111111,-0.475
96.36388889,-0.47
96.36666667,-0.485
96.36944444,-0.485
96.37222222,-0.485
96.375,-0.465
96.37777778,-0.45
96.38055556,-0.43
96.38333333,-0.44
96.38611111,-0.465
96.38888889,-0.5
96.39166667,-0.515
96.39444444,-0.52
96.39722222,-0.49
96.4,-0.475
96.40277778,-0.47
96.40555556,-0.475
96.40833333,-0.455
96.41111111,-0.445
96.41388889,-0.41
96.41666667,-0.44
96.41944444,-0.46
96.42222222,-0.465
96.425,-0.46
96.42777778,-0.435
96.43055556,-0.415
96.43333333,-0.42
96.43611111,-0.435
96.43888889,-0.425
96.44166667,-0.42
96.44444444,-0.38
96.44722222,-0.36
96.45,-0.355
96.45277778,-0.375
96.45555556,-0.4
96.45833333,-0.39
96.46111111,-0.37
96.46388889,-0.33
96.46666667,-0.315
96.46944444,-0.33
96.47222222,-0.325
96.475,-0.295
96.47777778,-0.25
96.48055556,-0.225
96.48333333,-0.225
96.48611111,-0.25
96.48888889,-0.26
96.49166667,-0.275
96.49444444,-0.24
96.49722222,-0.2
96.5,-0.17
96.50277778,-0.175
96.50555556,-0.155
96.50833333,-0.12
96.51111111,-0.08
96.51388889,-0.06
96.51666667,-0.03
96.51944444,-0.005
96.52222222,0.02
96.525,0.065
96.52777778,0.095
96.53055556,0.125
96.53333333,0.145
96.53611111,0.16
96.53888889,0.165
96.54166667,0.195
96.54444444,0.23
96.54722222,0.245
96.55,0.28
96.55277778,0.285
96.55555556,0.29
96.55833333,0.31
96.56111111,0.345
96.56388889,0.37
96.56666667,0.35
96.56944444,0.335
96.57222222,0.325
96.575,0.34
96.57777778,0.33
96.58055556,0.345
96.58333333,0.345
96.58611111,0.325
96.58888889,0.3
96.59166667,0.28
96.59444444,0.23
96.59722222,0.205
96.6,0.175
96.60277778,0.14
96.60555556,0.125
96.60833333,0.09
96.61111111,0.075
96.61388889,0.07
96.61666667,0.035
96.61944444,-0.02
96.62222222,-0.06
96.625,-0.085
96.62777778,-0.105
96.63055556,-0.11
96.63333333,-0.125
96.63611111,-0.155
96.63888889,-0.175
96.64166667,-0.195
96.64444444,-0.21
96.64722222,-0.25
96.65,-0.275
96.65277778,-0.31
96.65555556,-0.32
96.65833333,-0.32
96.66111111,-0.33
96.66388889,-0.325
96.66666667,-0.335
96.66944444,-0.35
96.67222222,-0.38
96.675,-0.395
96.67777778,-0.4
96.68055556,-0.39
96.68333333,-0.39
96.68611111,-0.39
96.68888889,-0.39
96.69166667,-0.395
96.69444444,-0.375
96.69722222,-0.395
96.7,-0.39
96.70277778,-0.415
96.70555556,-0.465
96.70833333,-0.475
96.71111111,-0.45
96.71388889,-0.43
96.71666667,-0.42
96.71944444,-0.415
96.72222222,-0.43
96.725,-0.425
96.72777778,-0.4
96.73055556,-0.38
96.73333333,-0.375
96.73611111,-0.385
96.73888889,-0.38
96.74166667,-0.36
96.74444444,-0.345
96.74722222,-0.33
96.75,-0.34
96.75277778,-0.335
96.75555556,-0.35
96.75833333,-0.35
96.76111111,-0.33
96.76388889,-0.305
96.76666667,-0.305
96.76944444,-0.3
96.77222222,-0.29
96.775,-0.255
96.77777778,-0.215
96.78055556,-0.185
96.78333333,-0.16
96.78611111,-0.14
96.78888889,-0.125
96.79166667,-0.105
96.79444444,-0.065
96.79722222,-0.005
96.8,0.04
96.80277778,0.075
96.80555556,0.12
96.80833333,0.2
96.81111111,0.325
96.81388889,0.465
96.81666667,0.62
96.81944444,0.745
96.82222222,0.84
96.825,0.85
96.82777778,0.795
96.83055556,0.71
96.83333333,0.61
96.83611111,0.49
96.83888889,0.355
96.84166667,0.22
96.84444444,-0.01
96.84722222,-0.31
96.85,-0.71
96.85277778,-1.045
96.85555556,-1.285
96.85833333,-1.355
96.86111111,-1.32
96.86388889,-1.245
96.86666667,-1.18
96.86944444,-1.195
96.87222222,-1.25
96.875,-1.3
96.87777778,-1.3
96.88055556,-1.285
96.88333333,-1.28
96.88611111,-1.28
96.88888889,-1.27
96.89166667,-1.255
96.89444444,-1.21
96.89722222,-1.14
96.9,-1.07
96.90277778,-1.055
96.90555556,-1.01
96.90833333,-0.945
96.91111111,-0.835
96.91388889,-0.725
96.91666667,-0.66
96.91944444,-0.64
96.92222222,-0.61
96.925,-0.565
96.92777778,-0.515
96.93055556,-0.49
96.93333333,-0.465
96.93611111,-0.44
96.93888889,-0.41
96.94166667,-0.41
96.94444444,-0.415
96.94722222,-0.415
96.95,-0.4
96.95277778,-0.395
96.95555556,-0.39
96.95833333,-0.37
96.96111111,-0.355
96.96388889,-0.34
96.96666667,-0.35
96.96944444,-0.345
96.97222222,-0.345
96.975,-0.33
96.97777778,-0.315
96.98055556,-0.29
96.98333333,-0.275
96.98611111,-0.265
96.98888889,-0.26
96.99166667,-0.27
96.99444444,-0.255
96.99722222,-0.23
97,-0.24
97.00277778,-0.245
97.00555556,-0.225
97.00833333,-0.225
97.01111111,-0.2
97.01388889,-0.17
97.01666667,-0.14
97.01944444,-0.115
97.02222222,-0.12
97.025,-0.14
97.02777778,-0.125
97.03055556,-0.11
97.03333333,-0.095
97.03611111,-0.07
97.03888889,-0.03
97.04166667,0
97.04444444,0.03
97.04722222,0.065
97.05,0.095
97.05277778,0.13
97.05555556,0.15
97.05833333,0.225
97.06111111,0.275
97.06388889,0.34
97.06666667,0.37
97.06944444,0.395
97.07222222,0.425
97.075,0.46
97.07777778,0.485
97.08055556,0.545
97.08333333,0.58
97.08611111,0.61
97.08888889,0.635
97.09166667,0.665
97.09444444,0.705
97.09722222,0.73
97.1,0.745
97.10277778,0.745
97.10555556,0.715
97.10833333,0.69
97.11111111,0.69
97.11388889,0.72
97.11666667,0.71
97.11944444,0.7
97.12222222,0.665
97.125,0.635
97.12777778,0.625
97.13055556,0.605
97.13333333,0.565
97.13611111,0.5
97.13888889,0.475
97.14166667,0.44
97.14444444,0.435
97.14722222,0.41
97.15,0.375
97.15277778,0.32
97.15555556,0.29
97.15833333,0.26
97.16111111,0.24
97.16388889,0.22
97.16666667,0.175
97.16944444,0.15
97.17222222,0.11
97.175,0.085
97.17777778,0.06
97.18055556,0.03
97.18333333,0.02
97.18611111,-0.02
97.18888889,-0.04
97.19166667,-0.065
97.19444444,-0.055
97.19722222,-0.05
97.2,-0.075
97.20277778,-0.105
97.20555556,-0.13
97.20833333,-0.13
97.21111111,-0.115
97.21388889,-0.095
97.21666667,-0.12
97.21944444,-0.14
97.22222222,-0.15
97.225,-0.165
97.22777778,-0.16
97.23055556,-0.145
97.23333333,-0.15
97.23611111,-0.155
97.23888889,-0.17
97.24166667,-0.16
97.24444444,-0.16
97.24722222,-0.16
97.25,-0.135
97.25277778,-0.14
97.25555556,-0.15
97.25833333,-0.14
97.26111111,-0.125
97.26388889,-0.125
97.26666667,-0.15
97.26944444,-0.165
97.27222222,-0.185
97.275,-0.175
97.27777778,-0.17
97.28055556,-0.145
97.28333333,-0.15
97.28611111,-0.165
97.28888889,-0.18
97.29166667,-0.19
97.29444444,-0.18
97.29722222,-0.17
97.3,-0.175
97.30277778,-0.2
97.30555556,-0.215
97.30833333,-0.225
97.31111111,-0.215
97.31388889,-0.19
97.31666667,-0.215
97.31944444,-0.255
97.32222222,-0.275
97.325,-0.255
97.32777778,-0.26
97.33055556,-0.235
97.33333333,-0.255
97.33611111,-0.285
97.33888889,-0.295
97.34166667,-0.305
97.34444444,-0.29
97.34722222,-0.29
97.35,-0.295
97.35277778,-0.325
97.35555556,-0.34
97.35833333,-0.345
97.36111111,-0.345
97.36388889,-0.3
97.36666667,-0.33
97.36944444,-0.365
97.37222222,-0.39
97.375,-0.375
97.37777778,-0.335
97.38055556,-0.31
97.38333333,-0.325
97.38611111,-0.34
97.38888889,-0.365
97.39166667,-0.35
97.39444444,-0.355
97.39722222,-0.36
97.4,-0.39
97.40277778,-0.41
97.40555556,-0.4
97.40833333,-0.395
97.41111111,-0.375
97.41388889,-0.385
97.41666667,-0.395
97.41944444,-0.4
97.42222222,-0.4
97.425,-0.395
97.42777778,-0.38
97.43055556,-0.37
97.43333333,-0.39
97.43611111,-0.41
97.43888889,-0.42
97.44166667,-0.41
97.44444444,-0.395
97.44722222,-0.395
97.45,-0.405
97.45277778,-0.395
97.45555556,-0.4
97.45833333,-0.405
97.46111111,-0.385
97.46388889,-0.385
97.46666667,-0.405
97.46944444,-0.415
97.47222222,-0.44
97.475,-0.435
97.47777778,-0.405
97.48055556,-0.395
97.48333333,-0.41
97.48611111,-0.425
97.48888889,-0.43
97.49166667,-0.43
97.49444444,-0.44
97.49722222,-0.405
97.5,-0.41
97.50277778,-0.43
97.50555556,-0.42
97.50833333,-0.435
97.51111111,-0.425
97.51388889,-0.41
97.51666667,-0.4
97.51944444,-0.42
97.52222222,-0.425
97.525,-0.425
97.52777778,-0.405
97.53055556,-0.405
97.53333333,-0.41
97.53611111,-0.41
97.53888889,-0.42
97.54166667,-0.4
97.54444444,-0.39
97.54722222,-0.385
97.55,-0.39
97.55277778,-0.405
97.55555556,-0.41
97.55833333,-0.415
97.56111111,-0.41
97.56388889,-0.385
97.56666667,-0.375
97.56944444,-0.395
97.57222222,-0.435
97.575,-0.425
97.57777778,-0.415
97.58055556,-0.38
97.58333333,-0.365
97.58611111,-0.385
97.58888889,-0.415
97.59166667,-0.435
97.59444444,-0.43
97.59722222,-0.405
97.6,-0.395
97.60277778,-0.385
97.60555556,-0.42
97.60833333,-0.435
97.61111111,-0.415
97.61388889,-0.385
97.61666667,-0.39
97.61944444,-0.425
97.62222222,-0.44
97.625,-0.42
97.62777778,-0.42
97.63055556,-0.415
97.63333333,-0.405
97.63611111,-0.415
97.63888889,-0.415
97.64166667,-0.395
97.64444444,-0.37
97.64722222,-0.355
97.65,-0.395
97.65277778,-0.44
97.65555556,-0.455
97.65833333,-0.445
97.66111111,-0.425
97.66388889,-0.42
97.66666667,-0.44
97.66944444,-0.43
97.67222222,-0.415
97.675,-0.405
97.67777778,-0.385
97.68055556,-0.365
97.68333333,-0.37
97.68611111,-0.405
97.68888889,-0.43
97.69166667,-0.425
97.69444444,-0.39
97.69722222,-0.355
97.7,-0.355
97.70277778,-0.38
97.70555556,-0.4
97.70833333,-0.42
97.71111111,-0.42
97.71388889,-0.405
97.71666667,-0.385
97.71944444,-0.39
97.72222222,-0.385
97.725,-0.405
97.72777778,-0.395
97.73055556,-0.38
97.73333333,-0.395
97.73611111,-0.405
97.73888889,-0.41
97.74166667,-0.385
97.74444444,-0.375
97.74722222,-0.355
97.75,-0.36
97.75277778,-0.37
97.75555556,-0.4
97.75833333,-0.395
97.76111111,-0.375
97.76388889,-0.365
97.76666667,-0.38
97.76944444,-0.39
97.77222222,-0.41
97.775,-0.4
97.77777778,-0.38
97.78055556,-0.375
97.78333333,-0.385
97.78611111,-0.385
97.78888889,-0.39
97.79166667,-0.37
97.79444444,-0.37
97.79722222,-0.34
97.8,-0.365
97.80277778,-0.375
97.80555556,-0.385
97.80833333,-0.38
97.81111111,-0.36
97.81388889,-0.36
97.81666667,-0.38
97.81944444,-0.38
97.82222222,-0.39
97.825,-0.375
97.82777778,-0.36
97.83055556,-0.34
97.83333333,-0.34
97.83611111,-0.35
97.83888889,-0.345
97.84166667,-0.325
97.84444444,-0.33
97.84722222,-0.33
97.85,-0.36
97.85277778,-0.36
97.85555556,-0.36
97.85833333,-0.34
97.86111111,-0.31
97.86388889,-0.29
97.86666667,-0.285
97.86944444,-0.29
97.87222222,-0.28
97.875,-0.25
97.87777778,-0.2
97.88055556,-0.165
97.88333333,-0.155
97.88611111,-0.12
97.88888889,-0.09
97.89166667,-0.04
97.89444444,-0.025
97.89722222,-0.04
97.9,-0.02
97.90277778,-0.015
97.90555556,-0.03
97.90833333,-0.02
97.91111111,-0.02
97.91388889,-0.03
97.91666667,-0.08
97.91944444,-0.13
97.92222222,-0.175
97.925,-0.195
97.92777778,-0.2
97.93055556,-0.215
97.93333333,-0.235
97.93611111,-0.25
97.93888889,-0.285
97.94166667,-0.305
97.94444444,-0.335
97.94722222,-0.315
97.95,-0.32
97.95277778,-0.32
97.95555556,-0.34
97.95833333,-0.335
97.96111111,-0.345
97.96388889,-0.335
97.96666667,-0.37
97.96944444,-0.42
97.97222222,-0.46
97.975,-0.485
97.97777778,-0.46
97.98055556,-0.355
97.98333333,-0.085
97.98611111,0.32
97.98888889,0.825
97.99166667,1.28
97.99444444,1.615
97.99722222,1.82
98,1.945
98.00277778,1.975
98.00555556,1.89
98.00833333,1.7
98.01111111,1.32
98.01388889,0.725
98.01666667,0.085
98.01944444,-0.555
98.02222222,-0.73
98.025,-0.585
98.02777778,-0.42
98.03055556,-0.4
98.03333333,-0.43
98.03611111,-0.445
98.03888889,-0.43
98.04166667,-0.41
98.04444444,-0.38
98.04722222,-0.38
98.05,-0.42
98.05277778,-0.43
98.05555556,-0.44
98.05833333,-0.43
98.06111111,-0.41
98.06388889,-0.395
98.06666667,-0.405
98.06944444,-0.41
98.07222222,-0.425
98.075,-0.435
98.07777778,-0.42
98.08055556,-0.415
98.08333333,-0.4
98.08611111,-0.425
98.08888889,-0.435
98.09166667,-0.425
98.09444444,-0.425
98.09722222,-0.405
98.1,-0.41
98.10277778,-0.42
98.10555556,-0.425
98.10833333,-0.43
98.11111111,-0.41
98.11388889,-0.395
98.11666667,-0.385
98.11944444,-0.39
98.12222222,-0.39
98.125,-0.385
98.12777778,-0.38
98.13055556,-0.35
98.13333333,-0.36
98.13611111,-0.375
98.13888889,-0.39
98.14166667,-0.36
98.14444444,-0.335
98.14722222,-0.3
98.15,-0.275
98.15277778,-0.27
98.15555556,-0.29
98.15833333,-0.32
98.16111111,-0.33
98.16388889,-0.305
98.16666667,-0.285
98.16944444,-0.27
98.17222222,-0.275
98.175,-0.28
98.17777778,-0.25
98.18055556,-0.205
98.18333333,-0.185
98.18611111,-0.175
98.18888889,-0.19
98.19166667,-0.16
98.19444444,-0.115
98.19722222,-0.07
98.2,-0.07
98.20277778,-0.055
98.20555556,-0.03
98.20833333,0
98.21111111,0.035
98.21388889,0.06
98.21666667,0.07
98.21944444,0.065
98.22222222,0.075
98.225,0.11
98.22777778,0.18
98.23055556,0.23
98.23333333,0.24
98.23611111,0.24
98.23888889,0.265
98.24166667,0.31
98.24444444,0.355
98.24722222,0.37
98.25,0.38
98.25277778,0.385
98.25555556,0.39
98.25833333,0.42
98.26111111,0.43
98.26388889,0.455
98.26666667,0.44
98.26944444,0.435
98.27222222,0.42
98.275,0.415
98.27777778,0.4
98.28055556,0.4
98.28333333,0.385
98.28611111,0.37
98.28888889,0.325
98.29166667,0.295
98.29444444,0.265
98.29722222,0.235
98.3,0.205
98.30277778,0.145
98.30555556,0.105
98.30833333,0.09
98.31111111,0.08
98.31388889,0.09
98.31666667,0.045
98.31944444,0.005
98.32222222,-0.035
98.325,-0.045
98.32777778,-0.06
98.33055556,-0.065
98.33333333,-0.075
98.33611111,-0.12
98.33888889,-0.17
98.34166667,-0.18
98.34444444,-0.175
98.34722222,-0.165
98.35,-0.2
98.35277778,-0.215
98.35555556,-0.24
98.35833333,-0.24
98.36111111,-0.235
98.36388889,-0.22
98.36666667,-0.23
98.36944444,-0.25
98.37222222,-0.275
98.375,-0.265
98.37777778,-0.265
98.38055556,-0.245
98.38333333,-0.245
98.38611111,-0.265
98.38888889,-0.3
98.39166667,-0.3
98.39444444,-0.305
98.39722222,-0.275
98.4,-0.295
98.40277778,-0.33
98.40555556,-0.32
98.40833333,-0.305
98.41111111,-0.295
98.41388889,-0.285
98.41666667,-0.29
98.41944444,-0.285
98.42222222,-0.29
98.425,-0.285
98.42777778,-0.27
98.43055556,-0.245
98.43333333,-0.265
98.43611111,-0.24
98.43888889,-0.245
98.44166667,-0.245
98.44444444,-0.245
98.44722222,-0.255
98.45,-0.26
98.45277778,-0.255
98.45555556,-0.27
98.45833333,-0.26
98.46111111,-0.24
98.46388889,-0.225
98.46666667,-0.21
98.46944444,-0.205
98.47222222,-0.215
98.475,-0.23
98.47777778,-0.23
98.48055556,-0.21
98.48333333,-0.185
98.48611111,-0.17
98.48888889,-0.155
98.49166667,-0.105
98.49444444,-0.06
98.49722222,0.02
98.5,0.095
98.50277778,0.14
98.50555556,0.17
98.50833333,0.265
98.51111111,0.405
98.51388889,0.57
98.51666667,0.73
98.51944444,0.87
98.52222222,0.905
98.525,0.875
98.52777778,0.795
98.53055556,0.68
98.53333333,0.51
98.53611111,0.36
98.53888889,0.14
98.54166667,-0.145
98.54444444,-0.515
98.54722222,-0.935
98.55,-1.25
98.55277778,-1.425
98.55555556,-1.44
98.55833333,-1.36
98.56111111,-1.255
98.56388889,-1.21
98.56666667,-1.22
98.56944444,-1.255
98.57222222,-1.295
98.575,-1.275
98.57777778,-1.25
98.58055556,-1.22
98.58333333,-1.18
98.58611111,-1.14
98.58888889,-1.11
98.59166667,-1.045
98.59444444,-1
98.59722222,-0.935
98.6,-0.87
98.60277778,-0.775
98.60555556,-0.685
98.60833333,-0.63
98.61111111,-0.585
98.61388889,-0.55
98.61666667,-0.54
98.61944444,-0.505
98.62222222,-0.49
98.625,-0.445
98.62777778,-0.365
98.63055556,-0.32
98.63333333,-0.305
98.63611111,-0.32
98.63888889,-0.325
98.64166667,-0.305
98.64444444,-0.27
98.64722222,-0.275
98.65,-0.29
98.65277778,-0.3
98.65555556,-0.29
98.65833333,-0.26
98.66111111,-0.23
98.66388889,-0.23
98.66666667,-0.215
98.66944444,-0.225
98.67222222,-0.24
98.675,-0.235
98.67777778,-0.22
98.68055556,-0.18
98.68333333,-0.19
98.68611111,-0.18
98.68888889,-0.18
98.69166667,-0.16
98.69444444,-0.135
98.69722222,-0.1
98.7,-0.14
98.70277778,-0.15
98.70555556,-0.17
98.70833333,-0.135
98.71111111,-0.08
98.71388889,-0.055
98.71666667,-0.045
98.71944444,-0.05
98.72222222,-0.04
98.725,-0.015
98.72777778,0.03
98.73055556,0.075
98.73333333,0.105
98.73611111,0.12
98.73888889,0.14
98.74166667,0.185
98.74444444,0.245
98.74722222,0.3
98.75,0.335
98.75277778,0.36
98.75555556,0.38
98.75833333,0.405
98.76111111,0.45
98.76388889,0.51
98.76666667,0.545
98.76944444,0.575
98.77222222,0.6
98.775,0.625
98.77777778,0.68
98.78055556,0.73
98.78333333,0.77
98.78611111,0.775
98.78888889,0.78
98.79166667,0.8
98.79444444,0.825
98.79722222,0.825
98.8,0.82
98.80277778,0.79
98.80555556,0.755
98.80833333,0.725
98.81111111,0.74
98.81388889,0.74
98.81666667,0.715
98.81944444,0.69
98.82222222,0.63
98.825,0.58
98.82777778,0.54
98.83055556,0.53
98.83333333,0.495
98.83611111,0.455
98.83888889,0.395
98.84166667,0.37
98.84444444,0.36
98.84722222,0.325
98.85,0.285
98.85277778,0.245
98.85555556,0.19
98.85833333,0.175
98.86111111,0.16
98.86388889,0.145
98.86666667,0.1
98.86944444,0.07
98.87222222,0.03
98.875,0.02
98.87777778,0.01
98.88055556,-0.025
98.88333333,-0.05
98.88611111,-0.075
98.88888889,-0.06
98.89166667,-0.075
98.89444444,-0.055
98.89722222,-0.06
98.9,-0.095
98.90277778,-0.12
98.90555556,-0.125
98.90833333,-0.125
98.91111111,-0.11
98.91388889,-0.11
98.91666667,-0.105
98.91944444,-0.115
98.92222222,-0.13
98.925,-0.145
98.92777778,-0.115
98.93055556,-0.08
98.93333333,-0.09
98.93611111,-0.05
98.93888889,-0.01
98.94166667,0.055
98.94444444,0.12
98.94722222,0.19
98.95,0.23
98.95277778,0.305
98.95555556,0.39
98.95833333,0.475
98.96111111,0.585
98.96388889,0.7
98.96666667,0.81
98.96944444,0.895
98.97222222,0.965
98.975,1.08
98.97777778,1.2
98.98055556,1.335
98.98333333,1.4
98.98611111,1.405
98.98888889,1.375
98.99166667,1.365
98.99444444,1.39
98.99722222,1.38
99,1.3
99.00277778,1.15
99.00555556,1.01
99.00833333,0.935
99.01111111,0.96
99.01388889,0.975
99.01666667,0.89
99.01944444,0.72
99.02222222,0.5
99.025,0.27
99.02777778,0.07
99.03055556,-0.105
99.03333333,-0.255
99.03611111,-0.36
99.03888889,-0.43
99.04166667,-0.49
99.04444444,-0.515
99.04722222,-0.545
99.05,-0.6
99.05277778,-0.64
99.05555556,-0.655
99.05833333,-0.68
99.06111111,-0.69
99.06388889,-0.685
99.06666667,-0.74
99.06944444,-0.78
99.07222222,-0.82
99.075,-0.83
99.07777778,-0.835
99.08055556,-0.82
99.08333333,-0.835
99.08611111,-0.855
99.08888889,-0.87
99.09166667,-0.865
99.09444444,-0.88
99.09722222,-0.875
99.1,-0.875
99.10277778,-0.86
99.10555556,-0.85
99.10833333,-0.855
99.11111111,-0.835
99.11388889,-0.835
99.11666667,-0.82
99.11944444,-0.83
99.12222222,-0.83
99.125,-0.825
99.12777778,-0.82
99.13055556,-0.82
99.13333333,-0.84
99.13611111,-0.86
99.13888889,-0.88
99.14166667,-0.885
99.14444444,-0.89
99.14722222,-0.89
99.15,-0.91
99.15277778,-0.945
99.15555556,-0.955
99.15833333,-0.96
99.16111111,-0.965
99.16388889,-0.95
99.16666667,-0.96
99.16944444,-0.98
99.17222222,-1.015
99.175,-1.03
99.17777778,-1.02
99.18055556,-1.035
99.18333333,-1.045
99.18611111,-1.065
99.18888889,-1.06
99.19166667,-1.055
99.19444444,-1.035
99.19722222,-1.03
99.2,-1.05
99.20277778,-1.065
99.20555556,-1.065
99.20833333,-1.04
99.21111111,-1
99.21388889,-0.965
99.21666667,-0.945
99.21944444,-0.935
99.22222222,-0.915
99.225,-0.885
99.22777778,-0.85
99.23055556,-0.815
99.23333333,-0.79
99.23611111,-0.775
99.23888889,-0.74
99.24166667,-0.7
99.24444444,-0.685
99.24722222,-0.645
99.25,-0.615
99.25277778,-0.575
99.25555556,-0.555
99.25833333,-0.52
99.26111111,-0.49
99.26388889,-0.455
99.26666667,-0.425
99.26944444,-0.41
99.27222222,-0.4
99.275,-0.38
99.27777778,-0.35
99.28055556,-0.325
99.28333333,-0.33
99.28611111,-0.32
99.28888889,-0.31
99.29166667,-0.31
99.29444444,-0.295
99.29722222,-0.27
99.3,-0.28
99.30277778,-0.285
99.30555556,-0.3
99.30833333,-0.305
99.31111111,-0.305
99.31388889,-0.265
99.31666667,-0.285
99.31944444,-0.315
99.32222222,-0.33
99.325,-0.315
99.32777778,-0.285
99.33055556,-0.28
99.33333333,-0.295
99.33611111,-0.31
99.33888889,-0.325
99.34166667,-0.325
99.34444444,-0.32
99.34722222,-0.31
99.35,-0.3
99.35277778,-0.31
99.35555556,-0.32
99.35833333,-0.305
99.36111111,-0.295
99.36388889,-0.295
99.36666667,-0.3
99.36944444,-0.315
99.37222222,-0.35
99.375,-0.33
99.37777778,-0.31
99.38055556,-0.29
99.38333333,-0.31
99.38611111,-0.32
99.38888889,-0.34
99.39166667,-0.315
99.39444444,-0.3
99.39722222,-0.295
99.4,-0.3
99.40277778,-0.34
99.40555556,-0.335
99.40833333,-0.335
99.41111111,-0.315
99.41388889,-0.3
99.41666667,-0.32
99.41944444,-0.335
99.42222222,-0.345
99.425,-0.34
99.42777778,-0.32
99.43055556,-0.305
99.43333333,-0.31
99.43611111,-0.31
99.43888889,-0.31
99.44166667,-0.3
99.44444444,-0.285
99.44722222,-0.28
99.45,-0.31
99.45277778,-0.34
99.45555556,-0.355
99.45833333,-0.35
99.46111111,-0.32
99.46388889,-0.29
99.46666667,-0.315
99.46944444,-0.31
99.47222222,-0.335
99.475,-0.335
99.47777778,-0.325
99.48055556,-0.325
99.48333333,-0.35
99.48611111,-0.365
99.48888889,-0.385
99.49166667,-0.37
99.49444444,-0.365
99.49722222,-0.355
99.5,-0.355
99.50277778,-0.365
99.50555556,-0.38
99.50833333,-0.37
99.51111111,-0.36
99.51388889,-0.34
99.51666667,-0.35
99.51944444,-0.36
99.52222222,-0.365
99.525,-0.36
99.52777778,-0.34
99.53055556,-0.31
99.53333333,-0.32
99.53611111,-0.36
99.53888889,-0.375
99.54166667,-0.38
99.54444444,-0.37
99.54722222,-0.35
99.55,-0.36
99.55277778,-0.36
99.55555556,-0.365
99.55833333,-0.35
99.56111111,-0.345
99.56388889,-0.34
99.56666667,-0.365
99.56944444,-0.395
99.57222222,-0.42
99.575,-0.405
