Time (s),Amplitude
0.000000000000000000e+00,-1.449999999999999900e-01
2.777777777777777884e-03,-1.450000000000000455e-01
5.555555555555555768e-03,-1.450000000000001843e-01
8.333333333333333218e-03,-1.449999999999999900e-01
1.111111111111111154e-02,-1.450000000000000455e-01
1.388888888888888985e-02,-1.450000000000000733e-01
1.666666666666666644e-02,-1.450000000000001565e-01
1.944444444444444475e-02,-1.450000000000000455e-01
2.222222222222222307e-02,-1.200000000000002176e-01
2.500000000000000139e-02,-1.349999999999999256e-01
2.777777777777777971e-02,-1.450000000000001565e-01
3.055555555555555802e-02,-1.500000000000002720e-01
3.333333333333333287e-02,-1.600000000000001699e-01
3.611111111111111466e-02,-1.550000000000001377e-01
3.888888888888888951e-02,-1.600000000000001976e-01
4.166666666666667129e-02,-1.750000000000001554e-01
4.444444444444444614e-02,-1.800000000000002431e-01
4.722222222222222099e-02,-1.850000000000000533e-01
5.000000000000000278e-02,-1.700000000000002065e-01
5.277777777777777762e-02,-1.550000000000001377e-01
5.555555555555555941e-02,-1.749999999999999611e-01
5.833333333333333426e-02,-1.800000000000000488e-01
6.111111111111111605e-02,-1.900000000000002243e-01
6.388888888888889783e-02,-1.800000000000000211e-01
6.666666666666666574e-02,-1.550000000000000544e-01
6.944444444444444753e-02,-1.350000000000000921e-01
7.222222222222222932e-02,-1.549999999999999711e-01
7.499999999999999722e-02,-1.900000000000001132e-01
7.777777777777777901e-02,-2.050000000000000433e-01
8.055555555555556080e-02,-2.349999999999999867e-01
8.333333333333334259e-02,-2.250000000000000056e-01
8.611111111111111049e-02,-2.449999999999999956e-01
8.888888888888889228e-02,-2.499999999999999167e-01
9.166666666666667407e-02,-2.600000000000002309e-01
9.444444444444444198e-02,-2.750000000000000777e-01
9.722222222222222376e-02,-2.750000000000000777e-01
1.000000000000000056e-01,-2.750000000000002442e-01
1.027777777777777873e-01,-2.650000000000001799e-01
1.055555555555555552e-01,-2.550000000000000600e-01
1.083333333333333370e-01,-2.650000000000000688e-01
1.111111111111111188e-01,-2.750000000000000222e-01
1.138888888888888867e-01,-2.900000000000002576e-01
1.166666666666666685e-01,-2.900000000000002021e-01
1.194444444444444503e-01,-2.899999999999999800e-01
1.222222222222222321e-01,-2.899999999999999245e-01
1.250000000000000000e-01,-2.850000000000001976e-01
1.277777777777777957e-01,-2.950000000000002065e-01
1.305555555555555636e-01,-3.049999999999999378e-01
1.333333333333333315e-01,-2.850000000000000866e-01
1.361111111111111271e-01,-2.750000000000000222e-01
1.388888888888888951e-01,-2.750000000000000222e-01
1.416666666666666630e-01,-2.800000000000000266e-01
1.444444444444444586e-01,-2.850000000000000866e-01
1.472222222222222265e-01,-3.050000000000000488e-01
1.499999999999999944e-01,-2.900000000000002021e-01
1.527777777777777901e-01,-2.999999999999998779e-01
1.555555555555555580e-01,-2.800000000000001377e-01
1.583333333333333259e-01,-2.900000000000000355e-01
1.611111111111111216e-01,-3.000000000000000999e-01
1.638888888888888895e-01,-3.150000000000001132e-01
1.666666666666666852e-01,-3.199999999999998956e-01
1.694444444444444531e-01,-3.350000000000002420e-01
1.722222222222222210e-01,-3.599999999999999312e-01
1.750000000000000167e-01,-3.849999999999998423e-01
1.777777777777777846e-01,-3.850000000000000644e-01
1.805555555555555525e-01,-4.050000000000000266e-01
1.833333333333333481e-01,-4.550000000000000711e-01
1.861111111111111160e-01,-4.849999999999999867e-01
1.888888888888888840e-01,-4.850000000000001532e-01
1.916666666666666796e-01,-4.250000000000001554e-01
1.944444444444444475e-01,-3.300000000000001821e-01
1.972222222222222432e-01,-2.200000000000000844e-01
2.000000000000000111e-01,-7.000000000000039524e-02
2.027777777777777790e-01,1.199999999999997319e-01
2.055555555555555747e-01,3.749999999999996114e-01
2.083333333333333426e-01,6.199999999999997735e-01
2.111111111111111105e-01,7.799999999999998046e-01
2.138888888888889062e-01,8.399999999999996358e-01
2.166666666666666741e-01,7.649999999999999023e-01
2.194444444444444420e-01,5.199999999999997957e-01
2.222222222222222376e-01,1.699999999999999012e-01
2.250000000000000056e-01,-1.650000000000000633e-01
2.277777777777777735e-01,-3.650000000000001577e-01
2.305555555555555691e-01,-4.349999999999998868e-01
2.333333333333333370e-01,-4.249999999999999889e-01
2.361111111111111327e-01,-3.700000000000001066e-01
2.388888888888889006e-01,-3.300000000000000711e-01
2.416666666666666685e-01,-3.249999999999999556e-01
2.444444444444444642e-01,-3.350000000000002420e-01
2.472222222222222321e-01,-3.449999999999999178e-01
2.500000000000000000e-01,-3.299999999999999600e-01
2.527777777777777679e-01,-3.250000000000000666e-01
2.555555555555555913e-01,-3.150000000000001132e-01
2.583333333333333592e-01,-3.100000000000001088e-01
2.611111111111111271e-01,-3.200000000000000622e-01
2.638888888888888951e-01,-3.350000000000001310e-01
2.666666666666666630e-01,-3.400000000000001910e-01
2.694444444444444309e-01,-3.250000000000002887e-01
2.722222222222222543e-01,-3.450000000000000844e-01
2.750000000000000222e-01,-3.349999999999999090e-01
2.777777777777777901e-01,-3.299999999999999045e-01
2.805555555555555580e-01,-3.350000000000000200e-01
2.833333333333333259e-01,-3.300000000000000711e-01
2.861111111111111494e-01,-3.249999999999999001e-01
2.888888888888889173e-01,-3.300000000000000711e-01
2.916666666666666852e-01,-3.300000000000000711e-01
2.944444444444444531e-01,-3.450000000000000844e-01
2.972222222222222210e-01,-3.549999999999998712e-01
2.999999999999999889e-01,-3.350000000000001310e-01
3.027777777777778123e-01,-3.249999999999999001e-01
3.055555555555555802e-01,-3.049999999999999933e-01
3.083333333333333481e-01,-3.200000000000001732e-01
3.111111111111111160e-01,-3.199999999999999512e-01
3.138888888888888840e-01,-3.300000000000000155e-01
3.166666666666666519e-01,-3.400000000000000799e-01
3.194444444444444753e-01,-3.350000000000000755e-01
3.222222222222222432e-01,-3.400000000000001354e-01
3.250000000000000111e-01,-3.449999999999998623e-01
3.277777777777777790e-01,-3.549999999999999822e-01
3.305555555555555469e-01,-3.549999999999999822e-01
3.333333333333333703e-01,-3.399999999999999134e-01
3.361111111111111382e-01,-3.299999999999998490e-01
3.388888888888889062e-01,-3.300000000000001821e-01
3.416666666666666741e-01,-3.300000000000000155e-01
3.444444444444444420e-01,-3.399999999999999689e-01
3.472222222222222099e-01,-3.499999999999999778e-01
3.500000000000000333e-01,-3.250000000000000111e-01
3.527777777777778012e-01,-3.250000000000000666e-01
3.555555555555555691e-01,-3.300000000000000711e-01
3.583333333333333370e-01,-3.300000000000000155e-01
3.611111111111111049e-01,-3.349999999999997979e-01
3.638888888888889284e-01,-3.350000000000000755e-01
3.666666666666666963e-01,-3.400000000000000244e-01
3.694444444444444642e-01,-3.300000000000000711e-01
3.722222222222222321e-01,-3.400000000000000799e-01
3.750000000000000000e-01,-3.500000000000000888e-01
3.777777777777777679e-01,-3.550000000000000933e-01
3.805555555555555913e-01,-3.499999999999999778e-01
3.833333333333333592e-01,-3.450000000000001954e-01
3.861111111111111271e-01,-3.299999999999999600e-01
3.888888888888888951e-01,-3.199999999999998956e-01
3.916666666666666630e-01,-3.350000000000001310e-01
3.944444444444444864e-01,-3.300000000000000711e-01
3.972222222222222543e-01,-3.449999999999999734e-01
4.000000000000000222e-01,-3.299999999999998490e-01
4.027777777777777901e-01,-3.349999999999998535e-01
4.055555555555555580e-01,-3.349999999999997424e-01
4.083333333333333259e-01,-3.449999999999999178e-01
4.111111111111111494e-01,-3.449999999999999734e-01
4.138888888888889173e-01,-3.549999999999997602e-01
4.166666666666666852e-01,-3.400000000000000244e-01
4.194444444444444531e-01,-3.400000000000000244e-01
4.222222222222222210e-01,-3.350000000000000200e-01
4.249999999999999889e-01,-3.300000000000001266e-01
4.277777777777778123e-01,-3.500000000000001998e-01
4.305555555555555802e-01,-3.499999999999999223e-01
4.333333333333333481e-01,-3.450000000000000289e-01
4.361111111111111160e-01,-3.350000000000000200e-01
4.388888888888888840e-01,-3.349999999999998535e-01
4.416666666666667074e-01,-3.350000000000000200e-01
4.444444444444444753e-01,-3.499999999999999223e-01
4.472222222222222432e-01,-3.550000000000000933e-01
4.500000000000000111e-01,-3.549999999999999822e-01
4.527777777777777790e-01,-3.449999999999997513e-01
4.555555555555555469e-01,-3.449999999999999734e-01
4.583333333333333703e-01,-3.350000000000000755e-01
4.611111111111111382e-01,-3.499999999999998668e-01
4.638888888888889062e-01,-3.599999999999999312e-01
4.666666666666666741e-01,-3.599999999999999867e-01
4.694444444444444420e-01,-3.599999999999999867e-01
4.722222222222222654e-01,-3.649999999999999911e-01
4.750000000000000333e-01,-3.599999999999999867e-01
4.777777777777778012e-01,-3.699999999999999956e-01
4.805555555555555691e-01,-3.850000000000000089e-01
4.833333333333333370e-01,-3.700000000000001066e-01
4.861111111111111049e-01,-3.599999999999999867e-01
4.888888888888889284e-01,-3.550000000000000933e-01
4.916666666666666963e-01,-3.599999999999999312e-01
4.944444444444444642e-01,-3.750000000000000000e-01
4.972222222222222321e-01,-3.749999999999998890e-01
5.000000000000000000e-01,-3.649999999999999356e-01
5.027777777777777679e-01,-3.649999999999999356e-01
5.055555555555555358e-01,-3.600000000000001532e-01
5.083333333333333037e-01,-3.599999999999998201e-01
5.111111111111111827e-01,-3.649999999999999911e-01
5.138888888888889506e-01,-3.700000000000000511e-01
5.166666666666667185e-01,-3.549999999999998712e-01
5.194444444444444864e-01,-3.299999999999998490e-01
5.222222222222222543e-01,-3.250000000000001776e-01
5.250000000000000222e-01,-3.249999999999999001e-01
5.277777777777777901e-01,-3.350000000000000200e-01
5.305555555555555580e-01,-3.400000000000000244e-01
5.333333333333333259e-01,-3.149999999999999467e-01
5.361111111111110938e-01,-2.999999999999999334e-01
5.388888888888888618e-01,-3.000000000000000444e-01
5.416666666666667407e-01,-2.900000000000000355e-01
5.444444444444445086e-01,-2.950000000000000955e-01
5.472222222222222765e-01,-2.900000000000001465e-01
5.500000000000000444e-01,-2.850000000000000866e-01
5.527777777777778123e-01,-2.749999999999999112e-01
5.555555555555555802e-01,-2.549999999999999489e-01
5.583333333333333481e-01,-2.500000000000000000e-01
5.611111111111111160e-01,-2.500000000000000000e-01
5.638888888888888840e-01,-2.649999999999998468e-01
5.666666666666666519e-01,-2.549999999999998934e-01
5.694444444444444198e-01,-2.449999999999999956e-01
5.722222222222222987e-01,-2.300000000000001765e-01
5.750000000000000666e-01,-2.449999999999999123e-01
5.777777777777778345e-01,-2.450000000000000511e-01
5.805555555555556024e-01,-2.549999999999998379e-01
5.833333333333333703e-01,-2.550000000000000600e-01
5.861111111111111382e-01,-2.400000000000001854e-01
5.888888888888889062e-01,-2.500000000000001110e-01
5.916666666666666741e-01,-2.550000000000001710e-01
5.944444444444444420e-01,-2.450000000000000788e-01
5.972222222222222099e-01,-2.550000000000001155e-01
5.999999999999999778e-01,-2.500000000000001110e-01
6.027777777777777457e-01,-2.500000000000000000e-01
6.055555555555556246e-01,-2.650000000000000688e-01
6.083333333333333925e-01,-2.600000000000000644e-01
6.111111111111111605e-01,-2.600000000000000089e-01
6.138888888888889284e-01,-2.649999999999999023e-01
6.166666666666666963e-01,-2.700000000000000733e-01
6.194444444444444642e-01,-2.649999999999999023e-01
6.222222222222222321e-01,-2.600000000000000089e-01
6.250000000000000000e-01,-2.750000000000001332e-01
6.277777777777777679e-01,-2.800000000000000266e-01
6.305555555555555358e-01,-2.900000000000000910e-01
6.333333333333333037e-01,-2.750000000000000222e-01
6.361111111111111827e-01,-2.700000000000001288e-01
6.388888888888889506e-01,-2.600000000000000089e-01
6.416666666666667185e-01,-2.800000000000000266e-01
6.444444444444444864e-01,-2.800000000000000822e-01
6.472222222222222543e-01,-2.850000000000000866e-01
6.500000000000000222e-01,-2.749999999999999667e-01
6.527777777777777901e-01,-2.750000000000000222e-01
6.555555555555555580e-01,-2.650000000000001243e-01
6.583333333333333259e-01,-2.699999999999999067e-01
6.611111111111110938e-01,-2.850000000000000311e-01
6.638888888888888618e-01,-2.899999999999999245e-01
6.666666666666667407e-01,-2.799999999999998601e-01
6.694444444444445086e-01,-2.750000000000001332e-01
6.722222222222222765e-01,-2.850000000000000866e-01
6.750000000000000444e-01,-2.799999999999998601e-01
6.777777777777778123e-01,-2.999999999999999334e-01
6.805555555555555802e-01,-3.000000000000000999e-01
6.833333333333333481e-01,-3.049999999999999933e-01
6.861111111111111160e-01,-2.949999999999998179e-01
6.888888888888888840e-01,-2.999999999999999334e-01
6.916666666666666519e-01,-3.099999999999998868e-01
6.944444444444444198e-01,-3.099999999999998868e-01
6.972222222222222987e-01,-3.049999999999999378e-01
7.000000000000000666e-01,-2.949999999999999845e-01
7.027777777777778345e-01,-2.850000000000000311e-01
7.055555555555556024e-01,-2.850000000000000866e-01
7.083333333333333703e-01,-2.899999999999999800e-01
7.111111111111111382e-01,-2.950000000000000955e-01
7.138888888888889062e-01,-3.100000000000000533e-01
7.166666666666666741e-01,-2.899999999999999245e-01
7.194444444444444420e-01,-2.949999999999999289e-01
7.222222222222222099e-01,-2.999999999999998779e-01
7.249999999999999778e-01,-3.049999999999999378e-01
7.277777777777778567e-01,-3.100000000000001088e-01
7.305555555555556246e-01,-3.249999999999998446e-01
7.333333333333333925e-01,-3.099999999999997202e-01
7.361111111111111605e-01,-2.999999999999999889e-01
7.388888888888889284e-01,-2.899999999999999245e-01
7.416666666666666963e-01,-3.099999999999999978e-01
7.444444444444444642e-01,-3.250000000000000666e-01
7.472222222222222321e-01,-3.300000000000000155e-01
7.500000000000000000e-01,-3.150000000000000022e-01
7.527777777777777679e-01,-2.999999999999999334e-01
7.555555555555555358e-01,-3.050000000000001044e-01
7.583333333333334147e-01,-3.100000000000001088e-01
7.611111111111111827e-01,-3.200000000000001732e-01
7.638888888888889506e-01,-3.299999999999999045e-01
7.666666666666667185e-01,-3.250000000000000666e-01
7.694444444444444864e-01,-3.150000000000002798e-01
7.722222222222222543e-01,-3.100000000000001643e-01
7.750000000000000222e-01,-3.050000000000000488e-01
7.777777777777777901e-01,-3.049999999999999378e-01
7.805555555555555580e-01,-3.099999999999999978e-01
7.833333333333333259e-01,-3.000000000000001554e-01
7.861111111111110938e-01,-3.049999999999999378e-01
7.888888888888889728e-01,-2.899999999999999800e-01
7.916666666666667407e-01,-2.999999999999999889e-01
7.944444444444445086e-01,-2.999999999999999334e-01
7.972222222222222765e-01,-3.049999999999999378e-01
8.000000000000000444e-01,-3.050000000000001044e-01
8.027777777777778123e-01,-2.899999999999998135e-01
8.055555555555555802e-01,-2.800000000000000822e-01
8.083333333333333481e-01,-2.949999999999999289e-01
8.111111111111111160e-01,-3.050000000000000488e-01
8.138888888888888840e-01,-3.150000000000001132e-01
8.166666666666666519e-01,-3.050000000000000488e-01
8.194444444444445308e-01,-2.950000000000000400e-01
8.222222222222222987e-01,-2.899999999999999800e-01
8.250000000000000666e-01,-2.800000000000000266e-01
8.277777777777778345e-01,-2.700000000000002398e-01
8.305555555555556024e-01,-2.749999999999999112e-01
8.333333333333333703e-01,-2.749999999999999112e-01
8.361111111111111382e-01,-2.699999999999999623e-01
8.388888888888889062e-01,-2.500000000000000555e-01
8.416666666666666741e-01,-2.499999999999998612e-01
8.444444444444444420e-01,-2.550000000000000044e-01
8.472222222222222099e-01,-2.250000000000000056e-01
8.499999999999999778e-01,-2.199999999999999456e-01
8.527777777777778567e-01,-2.049999999999999045e-01
8.555555555555556246e-01,-2.000000000000000111e-01
8.583333333333333925e-01,-2.049999999999999878e-01
8.611111111111111605e-01,-2.149999999999999967e-01
8.638888888888889284e-01,-2.300000000000000377e-01
8.666666666666666963e-01,-2.200000000000000844e-01
8.694444444444444642e-01,-2.250000000000000333e-01
8.722222222222222321e-01,-2.250000000000000888e-01
8.750000000000000000e-01,-2.250000000000000056e-01
8.777777777777777679e-01,-2.300000000000000933e-01
8.805555555555555358e-01,-2.349999999999999867e-01
8.833333333333334147e-01,-2.400000000000000466e-01
8.861111111111111827e-01,-2.349999999999999867e-01
8.888888888888889506e-01,-2.200000000000000011e-01
8.916666666666667185e-01,-2.099999999999999090e-01
8.944444444444444864e-01,-2.050000000000000988e-01
8.972222222222222543e-01,-2.449999999999998568e-01
9.000000000000000222e-01,-2.849999999999999756e-01
9.027777777777777901e-01,-2.850000000000000866e-01
9.055555555555555580e-01,-3.000000000000000444e-01
9.083333333333333259e-01,-3.099999999999998312e-01
9.111111111111110938e-01,-3.300000000000002376e-01
9.138888888888889728e-01,-3.300000000000002376e-01
9.166666666666667407e-01,-3.250000000000001221e-01
9.194444444444445086e-01,-3.150000000000003353e-01
9.222222222222222765e-01,-3.200000000000002842e-01
9.250000000000000444e-01,-3.150000000000002798e-01
9.277777777777778123e-01,-3.250000000000000111e-01
9.305555555555555802e-01,-3.400000000000001910e-01
9.333333333333333481e-01,-3.450000000000000844e-01
9.361111111111111160e-01,-3.400000000000001354e-01
9.388888888888888840e-01,-3.400000000000000799e-01
9.416666666666666519e-01,-3.499999999999998113e-01
9.444444444444445308e-01,-3.449999999999998623e-01
9.472222222222222987e-01,-3.550000000000001488e-01
9.500000000000000666e-01,-3.300000000000001821e-01
9.527777777777778345e-01,-3.349999999999999090e-01
9.555555555555556024e-01,-3.299999999999998490e-01
9.583333333333333703e-01,-3.200000000000000622e-01
9.611111111111111382e-01,-3.449999999999998068e-01
9.638888888888889062e-01,-3.549999999999997602e-01
9.666666666666666741e-01,-3.400000000000000244e-01
9.694444444444444420e-01,-3.299999999999997935e-01
9.722222222222222099e-01,-3.249999999999997891e-01
9.750000000000000888e-01,-3.299999999999999045e-01
9.777777777777778567e-01,-3.499999999999999223e-01
9.805555555555556246e-01,-3.649999999999999356e-01
9.833333333333333925e-01,-3.600000000000001532e-01
9.861111111111111605e-01,-3.800000000000000044e-01
9.888888888888889284e-01,-4.249999999999999889e-01
9.916666666666666963e-01,-4.450000000000000067e-01
9.944444444444444642e-01,-4.749999999999999778e-01
9.972222222222222321e-01,-5.099999999999998979e-01
1.000000000000000000e+00,-5.350000000000000311e-01
1.002777777777777768e+00,-5.050000000000000044e-01
1.005555555555555536e+00,-4.150000000000002021e-01
1.008333333333333304e+00,-3.000000000000000999e-01
1.011111111111111072e+00,-1.600000000000000033e-01
1.013888888888888840e+00,-1.500000000000021802e-02
1.016666666666666607e+00,2.349999999999998201e-01
1.019444444444444375e+00,4.899999999999997136e-01
1.022222222222222365e+00,7.199999999999999734e-01
1.025000000000000133e+00,8.750000000000000000e-01
1.027777777777777901e+00,9.399999999999998357e-01
1.030555555555555669e+00,9.050000000000000266e-01
1.033333333333333437e+00,7.549999999999998934e-01
1.036111111111111205e+00,4.899999999999998246e-01
1.038888888888888973e+00,1.649999999999998135e-01
1.041666666666666741e+00,-1.099999999999999312e-01
1.044444444444444509e+00,-2.700000000000000733e-01
1.047222222222222276e+00,-3.900000000000001799e-01
1.050000000000000044e+00,-4.500000000000000111e-01
1.052777777777777812e+00,-4.749999999999999223e-01
1.055555555555555580e+00,-4.550000000000000155e-01
1.058333333333333348e+00,-4.249999999999999889e-01
1.061111111111111116e+00,-3.900000000000001799e-01
1.063888888888888884e+00,-3.899999999999999578e-01
1.066666666666666652e+00,-3.850000000000000089e-01
1.069444444444444420e+00,-3.900000000000000133e-01
1.072222222222222188e+00,-3.800000000000000044e-01
1.074999999999999956e+00,-3.799999999999997824e-01
1.077777777777777724e+00,-3.800000000000000600e-01
1.080555555555555491e+00,-3.950000000000000178e-01
1.083333333333333481e+00,-3.850000000000000644e-01
1.086111111111111249e+00,-3.849999999999998423e-01
1.088888888888889017e+00,-3.849999999999998979e-01
1.091666666666666785e+00,-3.750000000000001665e-01
1.094444444444444553e+00,-3.950000000000000178e-01
1.097222222222222321e+00,-4.099999999999999756e-01
1.100000000000000089e+00,-4.100000000000000866e-01
1.102777777777777857e+00,-4.000000000000000777e-01
1.105555555555555625e+00,-3.950000000000000733e-01
1.108333333333333393e+00,-3.899999999999998468e-01
1.111111111111111160e+00,-4.050000000000000266e-01
1.113888888888888928e+00,-3.950000000000000178e-01
1.116666666666666696e+00,-3.850000000000001199e-01
1.119444444444444464e+00,-3.749999999999998890e-01
1.122222222222222232e+00,-3.900000000000000133e-01
1.125000000000000000e+00,-3.900000000000000133e-01
1.127777777777777768e+00,-4.050000000000000266e-01
1.130555555555555536e+00,-4.099999999999998090e-01
1.133333333333333304e+00,-4.099999999999999756e-01
1.136111111111111072e+00,-3.900000000000000133e-01
1.138888888888888840e+00,-3.900000000000000133e-01
1.141666666666666607e+00,-3.950000000000000733e-01
1.144444444444444597e+00,-4.050000000000000822e-01
1.147222222222222365e+00,-4.150000000000002021e-01
1.150000000000000133e+00,-4.000000000000000777e-01
1.152777777777777901e+00,-4.099999999999998090e-01
1.155555555555555669e+00,-4.050000000000000266e-01
1.158333333333333437e+00,-4.099999999999999201e-01
1.161111111111111205e+00,-4.149999999999999800e-01
1.163888888888888973e+00,-4.099999999999999201e-01
1.166666666666666741e+00,-4.000000000000000777e-01
1.169444444444444509e+00,-4.000000000000000222e-01
1.172222222222222276e+00,-3.950000000000002398e-01
1.175000000000000044e+00,-3.899999999999998468e-01
1.177777777777777812e+00,-4.050000000000000266e-01
1.180555555555555580e+00,-4.100000000000000866e-01
1.183333333333333348e+00,-3.899999999999999578e-01
1.186111111111111116e+00,-3.900000000000000133e-01
1.188888888888888884e+00,-3.850000000000000644e-01
1.191666666666666652e+00,-3.849999999999999534e-01
1.194444444444444420e+00,-4.099999999999999201e-01
1.197222222222222188e+00,-4.050000000000000266e-01
1.199999999999999956e+00,-3.949999999999999067e-01
1.202777777777777724e+00,-3.899999999999998468e-01
1.205555555555555491e+00,-3.749999999999998890e-01
1.208333333333333481e+00,-3.899999999999999578e-01
1.211111111111111249e+00,-3.950000000000000733e-01
1.213888888888889017e+00,-4.099999999999999756e-01
1.216666666666666785e+00,-4.000000000000000777e-01
1.219444444444444553e+00,-3.899999999999999023e-01
1.222222222222222321e+00,-3.899999999999999023e-01
1.225000000000000089e+00,-3.850000000000001754e-01
1.227777777777777857e+00,-4.050000000000001932e-01
1.230555555555555625e+00,-4.149999999999999800e-01
1.233333333333333393e+00,-4.149999999999997580e-01
1.236111111111111160e+00,-4.000000000000001887e-01
1.238888888888888928e+00,-3.949999999999999067e-01
1.241666666666666696e+00,-4.050000000000000266e-01
1.244444444444444464e+00,-4.149999999999999800e-01
1.247222222222222232e+00,-4.199999999999998179e-01
1.250000000000000000e+00,-4.199999999999998179e-01
1.252777777777777768e+00,-4.100000000000000866e-01
1.255555555555555536e+00,-4.149999999999999800e-01
1.258333333333333304e+00,-4.249999999999999889e-01
1.261111111111111072e+00,-4.200000000000000955e-01
1.263888888888888840e+00,-4.349999999999998868e-01
1.266666666666666607e+00,-4.300000000000001599e-01
1.269444444444444597e+00,-4.300000000000001599e-01
1.272222222222222365e+00,-4.200000000000000955e-01
1.275000000000000133e+00,-4.299999999999999378e-01
1.277777777777777901e+00,-4.499999999999998446e-01
1.280555555555555669e+00,-4.550000000000003486e-01
1.283333333333333437e+00,-4.500000000000001776e-01
1.286111111111111205e+00,-4.350000000000001088e-01
1.288888888888888973e+00,-4.450000000000000622e-01
1.291666666666666741e+00,-4.500000000000000666e-01
1.294444444444444509e+00,-4.550000000000001821e-01
1.297222222222222276e+00,-4.699999999999999178e-01
1.300000000000000044e+00,-4.600000000000002420e-01
1.302777777777777812e+00,-4.550000000000000711e-01
1.305555555555555580e+00,-4.500000000000001776e-01
1.308333333333333348e+00,-4.550000000000000711e-01
1.311111111111111116e+00,-4.700000000000000844e-01
1.313888888888888884e+00,-4.750000000000000888e-01
1.316666666666666652e+00,-4.600000000000000755e-01
1.319444444444444420e+00,-4.499999999999998446e-01
1.322222222222222188e+00,-4.450000000000000067e-01
1.324999999999999956e+00,-4.400000000000000022e-01
1.327777777777777724e+00,-4.349999999999998868e-01
1.330555555555555713e+00,-4.399999999999998357e-01
1.333333333333333481e+00,-4.099999999999998090e-01
1.336111111111111249e+00,-3.950000000000000178e-01
1.338888888888889017e+00,-3.700000000000000511e-01
1.341666666666666785e+00,-3.649999999999999356e-01
1.344444444444444553e+00,-3.599999999999999312e-01
1.347222222222222321e+00,-3.649999999999999911e-01
1.350000000000000089e+00,-3.400000000000000244e-01
1.352777777777777857e+00,-3.249999999999998446e-01
1.355555555555555625e+00,-3.150000000000000577e-01
1.358333333333333393e+00,-3.200000000000000067e-01
1.361111111111111160e+00,-3.300000000000000711e-01
1.363888888888888928e+00,-3.300000000000000155e-01
1.366666666666666696e+00,-3.200000000000000067e-01
1.369444444444444464e+00,-3.100000000000000533e-01
1.372222222222222232e+00,-3.000000000000000999e-01
1.375000000000000000e+00,-2.999999999999999889e-01
1.377777777777777768e+00,-3.200000000000000622e-01
1.380555555555555536e+00,-3.200000000000000067e-01
1.383333333333333304e+00,-3.150000000000002243e-01
1.386111111111111072e+00,-3.049999999999999378e-01
1.388888888888888840e+00,-3.049999999999999378e-01
1.391666666666666829e+00,-2.949999999999999289e-01
1.394444444444444597e+00,-3.200000000000000622e-01
1.397222222222222365e+00,-3.300000000000000155e-01
1.400000000000000133e+00,-3.050000000000001044e-01
1.402777777777777901e+00,-3.100000000000001643e-01
1.405555555555555669e+00,-3.000000000000000444e-01
1.408333333333333437e+00,-2.999999999999999334e-01
1.411111111111111205e+00,-3.200000000000000622e-01
1.413888888888888973e+00,-3.250000000000000666e-01
1.416666666666666741e+00,-3.100000000000000533e-01
1.419444444444444509e+00,-3.050000000000001599e-01
1.422222222222222276e+00,-3.149999999999999467e-01
1.425000000000000044e+00,-3.050000000000000488e-01
1.427777777777777812e+00,-3.150000000000001132e-01
1.430555555555555580e+00,-3.150000000000000577e-01
1.433333333333333348e+00,-3.100000000000000533e-01
1.436111111111111116e+00,-2.949999999999999289e-01
1.438888888888888884e+00,-2.900000000000000355e-01
1.441666666666666652e+00,-3.050000000000000488e-01
1.444444444444444420e+00,-3.099999999999999423e-01
1.447222222222222188e+00,-3.200000000000000067e-01
1.449999999999999956e+00,-3.150000000000000577e-01
1.452777777777777724e+00,-2.999999999999999334e-01
1.455555555555555713e+00,-3.149999999999998912e-01
1.458333333333333481e+00,-3.149999999999999467e-01
1.461111111111111249e+00,-3.149999999999998912e-01
1.463888888888889017e+00,-3.299999999999999045e-01
1.466666666666666785e+00,-3.149999999999998912e-01
1.469444444444444553e+00,-3.199999999999998956e-01
1.472222222222222321e+00,-3.149999999999999467e-01
1.475000000000000089e+00,-3.250000000000000666e-01
1.477777777777777857e+00,-3.350000000000000200e-01
1.480555555555555625e+00,-3.400000000000000799e-01
1.483333333333333393e+00,-3.350000000000000200e-01
1.486111111111111160e+00,-3.350000000000000755e-01
1.488888888888888928e+00,-3.300000000000000711e-01
1.491666666666666696e+00,-3.250000000000001776e-01
1.494444444444444464e+00,-3.449999999999999734e-01
1.497222222222222232e+00,-3.499999999999998668e-01
1.500000000000000000e+00,-3.449999999999998068e-01
1.502777777777777768e+00,-3.350000000000001865e-01
1.505555555555555536e+00,-3.300000000000000711e-01
1.508333333333333304e+00,-3.299999999999999045e-01
1.511111111111111072e+00,-3.449999999999999178e-01
1.513888888888888840e+00,-3.449999999999999734e-01
1.516666666666666829e+00,-3.449999999999999178e-01
1.519444444444444597e+00,-3.200000000000000622e-01
1.522222222222222365e+00,-3.300000000000001821e-01
1.525000000000000133e+00,-3.349999999999999090e-01
1.527777777777777901e+00,-3.399999999999999689e-01
1.530555555555555669e+00,-3.550000000000000933e-01
1.533333333333333437e+00,-3.349999999999999645e-01
1.536111111111111205e+00,-3.300000000000000155e-01
1.538888888888888973e+00,-3.300000000000000711e-01
1.541666666666666741e+00,-3.349999999999999090e-01
1.544444444444444509e+00,-3.550000000000000377e-01
1.547222222222222276e+00,-3.600000000000001532e-01
1.550000000000000044e+00,-3.549999999999999267e-01
1.552777777777777812e+00,-3.499999999999998668e-01
1.555555555555555580e+00,-3.399999999999997469e-01
1.558333333333333348e+00,-3.449999999999999178e-01
1.561111111111111116e+00,-3.449999999999998068e-01
1.563888888888888884e+00,-3.449999999999997513e-01
1.566666666666666652e+00,-3.449999999999996958e-01
1.569444444444444420e+00,-3.299999999999999600e-01
1.572222222222222188e+00,-3.299999999999999600e-01
1.574999999999999956e+00,-3.349999999999999645e-01
1.577777777777777946e+00,-3.450000000000001399e-01
1.580555555555555713e+00,-3.500000000000001998e-01
1.583333333333333481e+00,-3.500000000000000333e-01
1.586111111111111249e+00,-3.400000000000000244e-01
1.588888888888889017e+00,-3.300000000000001266e-01
1.591666666666666785e+00,-3.450000000000000844e-01
1.594444444444444553e+00,-3.449999999999999734e-01
1.597222222222222321e+00,-3.549999999999999822e-01
1.600000000000000089e+00,-3.500000000000000333e-01
1.602777777777777857e+00,-3.400000000000000244e-01
1.605555555555555625e+00,-3.299999999999999045e-01
1.608333333333333393e+00,-3.399999999999999134e-01
1.611111111111111160e+00,-3.400000000000000799e-01
1.613888888888888928e+00,-3.400000000000000244e-01
1.616666666666666696e+00,-3.299999999999999600e-01
1.619444444444444464e+00,-3.349999999999997979e-01
1.622222222222222232e+00,-3.300000000000000155e-01
1.625000000000000000e+00,-3.350000000000000755e-01
1.627777777777777768e+00,-3.449999999999999734e-01
1.630555555555555536e+00,-3.449999999999999178e-01
1.633333333333333304e+00,-3.400000000000001910e-01
1.636111111111111072e+00,-3.299999999999999045e-01
1.638888888888889062e+00,-3.149999999999999467e-01
1.641666666666666829e+00,-2.949999999999999289e-01
1.644444444444444597e+00,-3.000000000000000999e-01
1.647222222222222365e+00,-2.950000000000001510e-01
1.650000000000000133e+00,-2.849999999999999756e-01
1.652777777777777901e+00,-2.750000000000000222e-01
1.655555555555555669e+00,-2.650000000000001243e-01
1.658333333333333437e+00,-2.650000000000000133e-01
1.661111111111111205e+00,-2.650000000000002354e-01
1.663888888888888973e+00,-2.549999999999999489e-01
1.666666666666666741e+00,-2.500000000000000000e-01
1.669444444444444509e+00,-2.399999999999999079e-01
1.672222222222222276e+00,-2.250000000000001443e-01
1.675000000000000044e+00,-2.149999999999999967e-01
1.677777777777777812e+00,-2.399999999999999079e-01
1.680555555555555580e+00,-2.449999999999999678e-01
1.683333333333333348e+00,-2.399999999999999079e-01
1.686111111111111116e+00,-2.449999999999998290e-01
1.688888888888888884e+00,-2.350000000000000977e-01
1.691666666666666652e+00,-2.449999999999999678e-01
1.694444444444444420e+00,-2.499999999999999445e-01
1.697222222222222188e+00,-2.750000000000001332e-01
1.699999999999999956e+00,-2.749999999999999667e-01
1.702777777777777946e+00,-2.650000000000000133e-01
1.705555555555555713e+00,-2.499999999999999167e-01
1.708333333333333481e+00,-2.250000000000000888e-01
1.711111111111111249e+00,-2.199999999999999456e-01
1.713888888888889017e+00,-2.299999999999998990e-01
1.716666666666666785e+00,-2.650000000000000133e-01
1.719444444444444553e+00,-2.700000000000000733e-01
1.722222222222222321e+00,-2.800000000000000822e-01
1.725000000000000089e+00,-2.849999999999999756e-01
1.727777777777777857e+00,-3.050000000000001044e-01
1.730555555555555625e+00,-3.200000000000000067e-01
1.733333333333333393e+00,-3.400000000000000799e-01
1.736111111111111160e+00,-3.300000000000001821e-01
1.738888888888888928e+00,-3.350000000000000200e-01
1.741666666666666696e+00,-3.350000000000000200e-01
1.744444444444444464e+00,-3.549999999999999822e-01
1.747222222222222232e+00,-3.699999999999999956e-01
1.750000000000000000e+00,-3.599999999999999312e-01
1.752777777777777768e+00,-3.449999999999999734e-01
1.755555555555555536e+00,-3.499999999999999223e-01
1.758333333333333304e+00,-3.550000000000000933e-01
1.761111111111111072e+00,-3.649999999999999356e-01
1.763888888888889062e+00,-3.749999999999999445e-01
1.766666666666666829e+00,-3.800000000000000600e-01
1.769444444444444597e+00,-3.699999999999999956e-01
1.772222222222222365e+00,-3.649999999999999911e-01
1.775000000000000133e+00,-3.649999999999999356e-01
1.777777777777777901e+00,-3.799999999999998934e-01
1.780555555555555669e+00,-3.850000000000001754e-01
1.783333333333333437e+00,-3.800000000000000600e-01
1.786111111111111205e+00,-3.749999999999998890e-01
1.788888888888888973e+00,-3.549999999999998712e-01
1.791666666666666741e+00,-3.699999999999998845e-01
1.794444444444444509e+00,-3.900000000000000688e-01
1.797222222222222276e+00,-4.050000000000000266e-01
1.800000000000000044e+00,-4.100000000000000866e-01
1.802777777777777812e+00,-4.349999999999998868e-01
1.805555555555555580e+00,-4.649999999999999134e-01
1.808333333333333348e+00,-4.900000000000001577e-01
1.811111111111111116e+00,-5.200000000000001288e-01
1.813888888888888884e+00,-5.550000000000000488e-01
1.816666666666666652e+00,-5.700000000000000622e-01
1.819444444444444420e+00,-5.250000000000001332e-01
1.822222222222222188e+00,-4.050000000000001932e-01
1.825000000000000178e+00,-2.500000000000001110e-01
1.827777777777777946e+00,-9.000000000000006606e-02
1.830555555555555713e+00,1.199999999999999956e-01
1.833333333333333481e+00,4.099999999999999756e-01
1.836111111111111249e+00,6.899999999999999467e-01
1.838888888888889017e+00,8.850000000000000089e-01
1.841666666666666785e+00,9.599999999999999645e-01
1.844444444444444553e+00,8.499999999999998668e-01
1.847222222222222321e+00,5.199999999999997957e-01
1.850000000000000089e+00,5.000000000000000278e-02
1.852777777777777857e+00,-3.199999999999999512e-01
1.855555555555555625e+00,-5.000000000000002220e-01
1.858333333333333393e+00,-5.049999999999998934e-01
1.861111111111111160e+00,-4.450000000000000622e-01
1.863888888888888928e+00,-4.149999999999999800e-01
1.866666666666666696e+00,-3.950000000000000733e-01
1.869444444444444464e+00,-3.900000000000001243e-01
1.872222222222222232e+00,-3.950000000000000733e-01
1.875000000000000000e+00,-3.900000000000000133e-01
1.877777777777777768e+00,-3.950000000000000733e-01
1.880555555555555536e+00,-4.050000000000000822e-01
1.883333333333333304e+00,-3.950000000000000178e-01
1.886111111111111294e+00,-4.049999999999998046e-01
1.888888888888889062e+00,-3.900000000000000688e-01
1.891666666666666829e+00,-3.950000000000000733e-01
1.894444444444444597e+00,-3.950000000000001843e-01
1.897222222222222365e+00,-4.099999999999997535e-01
1.900000000000000133e+00,-4.050000000000001932e-01
1.902777777777777901e+00,-4.000000000000000777e-01
1.905555555555555669e+00,-4.000000000000000222e-01
1.908333333333333437e+00,-4.149999999999999245e-01
1.911111111111111205e+00,-4.050000000000000266e-01
1.913888888888888973e+00,-4.199999999999998179e-01
1.916666666666666741e+00,-4.149999999999998135e-01
1.919444444444444509e+00,-4.050000000000000822e-01
1.922222222222222276e+00,-4.049999999999999156e-01
1.925000000000000044e+00,-4.199999999999999845e-01
1.927777777777777812e+00,-4.199999999999998179e-01
1.930555555555555580e+00,-4.350000000000001643e-01
1.933333333333333348e+00,-4.200000000000000955e-01
1.936111111111111116e+00,-4.099999999999999756e-01
1.938888888888888884e+00,-4.100000000000000866e-01
1.941666666666666652e+00,-4.050000000000000266e-01
1.944444444444444420e+00,-4.249999999999999334e-01
1.947222222222222188e+00,-4.299999999999999933e-01
1.950000000000000178e+00,-4.200000000000000955e-01
1.952777777777777946e+00,-4.149999999999999245e-01
1.955555555555555713e+00,-4.099999999999999201e-01
1.958333333333333481e+00,-4.099999999999999756e-01
1.961111111111111249e+00,-4.249999999999999334e-01
1.963888888888889017e+00,-4.199999999999997624e-01
1.966666666666666785e+00,-4.000000000000001887e-01
1.969444444444444553e+00,-3.949999999999999067e-01
1.972222222222222321e+00,-4.000000000000000222e-01
1.975000000000000089e+00,-4.000000000000001887e-01
1.977777777777777857e+00,-3.950000000000000178e-01
1.980555555555555625e+00,-4.149999999999999800e-01
1.983333333333333393e+00,-4.049999999999999156e-01
1.986111111111111160e+00,-3.900000000000000688e-01
1.988888888888888928e+00,-4.000000000000000222e-01
1.991666666666666696e+00,-4.000000000000000222e-01
1.994444444444444464e+00,-4.149999999999999800e-01
1.997222222222222232e+00,-4.250000000000000999e-01
2.000000000000000000e+00,-4.249999999999999889e-01
2.002777777777777768e+00,-4.149999999999999800e-01
2.005555555555555536e+00,-4.150000000000002021e-01
2.008333333333333304e+00,-4.099999999999999756e-01
2.011111111111111072e+00,-4.249999999999999334e-01
2.013888888888888840e+00,-4.249999999999999889e-01
2.016666666666666607e+00,-4.199999999999999289e-01
2.019444444444444375e+00,-4.149999999999999800e-01
2.022222222222222143e+00,-4.000000000000000777e-01
2.024999999999999911e+00,-3.999999999999999112e-01
2.027777777777777679e+00,-4.099999999999999756e-01
2.030555555555555447e+00,-4.249999999999999889e-01
2.033333333333333215e+00,-4.099999999999999201e-01
2.036111111111110983e+00,-4.050000000000000822e-01
2.038888888888888751e+00,-3.950000000000000178e-01
2.041666666666666963e+00,-4.000000000000000222e-01
2.044444444444444731e+00,-4.000000000000000222e-01
2.047222222222222499e+00,-4.050000000000000266e-01
2.050000000000000266e+00,-3.849999999999998979e-01
2.052777777777778034e+00,-4.000000000000000222e-01
2.055555555555555802e+00,-3.899999999999999578e-01
2.058333333333333570e+00,-3.900000000000002354e-01
2.061111111111111338e+00,-4.000000000000000777e-01
2.063888888888889106e+00,-4.149999999999999245e-01
2.066666666666666874e+00,-4.049999999999999156e-01
2.069444444444444642e+00,-4.050000000000000822e-01
2.072222222222222410e+00,-4.099999999999999201e-01
2.075000000000000178e+00,-4.149999999999999800e-01
2.077777777777777946e+00,-4.200000000000000955e-01
2.080555555555555713e+00,-4.199999999999999289e-01
2.083333333333333481e+00,-4.250000000000000999e-01
2.086111111111111249e+00,-4.150000000000002021e-01
2.088888888888889017e+00,-4.149999999999999800e-01
2.091666666666666785e+00,-4.100000000000000866e-01
2.094444444444444553e+00,-4.350000000000001088e-01
2.097222222222222321e+00,-4.299999999999999378e-01
2.100000000000000089e+00,-4.350000000000001643e-01
2.102777777777777857e+00,-4.200000000000000955e-01
2.105555555555555625e+00,-4.199999999999999845e-01
2.108333333333333393e+00,-4.199999999999999845e-01
2.111111111111111160e+00,-4.199999999999998179e-01
2.113888888888888928e+00,-4.250000000000000999e-01
2.116666666666666696e+00,-4.249999999999998224e-01
2.119444444444444464e+00,-4.149999999999999245e-01
2.122222222222222232e+00,-3.950000000000000178e-01
2.125000000000000000e+00,-3.950000000000000178e-01
2.127777777777777768e+00,-3.900000000000000133e-01
2.130555555555555536e+00,-3.749999999999998890e-01
2.133333333333333304e+00,-3.599999999999999867e-01
2.136111111111111072e+00,-3.400000000000000799e-01
2.138888888888888840e+00,-3.349999999999999090e-01
2.141666666666666607e+00,-3.300000000000000155e-01
2.144444444444444375e+00,-3.350000000000000200e-01
2.147222222222222143e+00,-3.350000000000000200e-01
2.149999999999999911e+00,-3.250000000000000666e-01
2.152777777777777679e+00,-3.200000000000000067e-01
2.155555555555555447e+00,-3.049999999999999378e-01
2.158333333333333215e+00,-3.049999999999999933e-01
2.161111111111110983e+00,-3.150000000000000022e-01
2.163888888888888751e+00,-3.099999999999998868e-01
2.166666666666666963e+00,-3.050000000000001044e-01
2.169444444444444731e+00,-2.999999999999999889e-01
2.172222222222222499e+00,-3.000000000000000999e-01
2.175000000000000266e+00,-2.999999999999998224e-01
2.177777777777778034e+00,-3.099999999999999423e-01
2.180555555555555802e+00,-3.099999999999998868e-01
2.183333333333333570e+00,-3.099999999999998868e-01
2.186111111111111338e+00,-3.149999999999998912e-01
2.188888888888889106e+00,-3.000000000000001554e-01
2.191666666666666874e+00,-3.049999999999999378e-01
2.194444444444444642e+00,-3.150000000000000022e-01
2.197222222222222410e+00,-3.200000000000001177e-01
2.200000000000000178e+00,-3.249999999999999556e-01
2.202777777777777946e+00,-3.100000000000001088e-01
2.205555555555555713e+00,-3.049999999999999933e-01
2.208333333333333481e+00,-3.050000000000001599e-01
2.211111111111111249e+00,-3.200000000000000622e-01
2.213888888888889017e+00,-3.250000000000000666e-01
2.216666666666666785e+00,-3.050000000000001599e-01
2.219444444444444553e+00,-3.099999999999999978e-01
2.222222222222222321e+00,-2.949999999999999845e-01
2.225000000000000089e+00,-3.099999999999999978e-01
2.227777777777777857e+00,-3.250000000000001776e-01
2.230555555555555625e+00,-3.300000000000000155e-01
2.233333333333333393e+00,-3.200000000000000067e-01
2.236111111111111160e+00,-3.200000000000001732e-01
2.238888888888888928e+00,-3.200000000000000622e-01
2.241666666666666696e+00,-3.250000000000000666e-01
2.244444444444444464e+00,-3.500000000000000333e-01
2.247222222222222232e+00,-3.499999999999999778e-01
2.250000000000000000e+00,-3.400000000000000244e-01
2.252777777777777768e+00,-3.350000000000001865e-01
2.255555555555555536e+00,-3.300000000000000711e-01
2.258333333333333304e+00,-3.350000000000001310e-01
2.261111111111111072e+00,-3.400000000000001354e-01
2.263888888888888840e+00,-3.600000000000000422e-01
2.266666666666666607e+00,-3.500000000000000333e-01
2.269444444444444375e+00,-3.499999999999999778e-01
2.272222222222222143e+00,-3.550000000000000377e-01
2.274999999999999911e+00,-3.600000000000000422e-01
2.277777777777777679e+00,-3.549999999999999822e-01
2.280555555555555447e+00,-3.649999999999999911e-01
2.283333333333333215e+00,-3.550000000000000377e-01
2.286111111111110983e+00,-3.499999999999999223e-01
2.288888888888889195e+00,-3.399999999999999134e-01
2.291666666666666963e+00,-3.549999999999998712e-01
2.294444444444444731e+00,-3.499999999999999223e-01
2.297222222222222499e+00,-3.649999999999999356e-01
2.300000000000000266e+00,-3.649999999999999356e-01
2.302777777777778034e+00,-3.499999999999999778e-01
2.305555555555555802e+00,-3.549999999999998712e-01
2.308333333333333570e+00,-3.500000000000000888e-01
2.311111111111111338e+00,-3.700000000000001621e-01
2.313888888888889106e+00,-3.800000000000000600e-01
2.316666666666666874e+00,-3.699999999999999956e-01
2.319444444444444642e+00,-3.600000000000000977e-01
2.322222222222222410e+00,-3.650000000000001021e-01
2.325000000000000178e+00,-3.600000000000001532e-01
2.327777777777777946e+00,-3.649999999999999911e-01
2.330555555555555713e+00,-3.799999999999998934e-01
2.333333333333333481e+00,-3.699999999999998845e-01
2.336111111111111249e+00,-3.650000000000001577e-01
2.338888888888889017e+00,-3.500000000000000888e-01
2.341666666666666785e+00,-3.499999999999999223e-01
2.344444444444444553e+00,-3.499999999999999223e-01
2.347222222222222321e+00,-3.699999999999999956e-01
2.350000000000000089e+00,-3.650000000000001021e-01
2.352777777777777857e+00,-3.449999999999998623e-01
2.355555555555555625e+00,-3.449999999999999734e-01
2.358333333333333393e+00,-3.399999999999999134e-01
2.361111111111111160e+00,-3.549999999999997602e-01
2.363888888888888928e+00,-3.649999999999999356e-01
2.366666666666666696e+00,-3.599999999999998757e-01
2.369444444444444464e+00,-3.549999999999999822e-01
2.372222222222222232e+00,-3.550000000000000377e-01
2.375000000000000000e+00,-3.549999999999998157e-01
2.377777777777777768e+00,-3.750000000000000555e-01
2.380555555555555536e+00,-3.850000000000001199e-01
2.383333333333333304e+00,-3.549999999999999822e-01
2.386111111111111072e+00,-3.600000000000000422e-01
2.388888888888888840e+00,-3.549999999999999822e-01
2.391666666666666607e+00,-3.600000000000002642e-01
2.394444444444444375e+00,-3.599999999999999867e-01
2.397222222222222143e+00,-3.699999999999999956e-01
2.399999999999999911e+00,-3.600000000000002087e-01
2.402777777777777679e+00,-3.450000000000001954e-01
2.405555555555555447e+00,-3.549999999999999822e-01
2.408333333333333215e+00,-3.449999999999998623e-01
2.411111111111110983e+00,-3.450000000000000289e-01
2.413888888888889195e+00,-3.449999999999998068e-01
2.416666666666666963e+00,-3.399999999999998579e-01
2.419444444444444731e+00,-3.099999999999998868e-01
2.422222222222222499e+00,-3.050000000000000488e-01
2.425000000000000266e+00,-3.049999999999999378e-01
2.427777777777778034e+00,-3.099999999999999978e-01
2.430555555555555802e+00,-3.049999999999999378e-01
2.433333333333333570e+00,-2.899999999999999800e-01
2.436111111111111338e+00,-2.849999999999999756e-01
2.438888888888889106e+00,-2.750000000000000222e-01
2.441666666666666874e+00,-2.799999999999999156e-01
2.444444444444444642e+00,-2.800000000000000822e-01
2.447222222222222410e+00,-2.750000000000001332e-01
2.450000000000000178e+00,-2.650000000000000688e-01
2.452777777777777946e+00,-2.549999999999998934e-01
2.455555555555555713e+00,-2.449999999999999123e-01
2.458333333333333481e+00,-2.599999999999998979e-01
2.461111111111111249e+00,-2.649999999999999023e-01
2.463888888888889017e+00,-2.750000000000000222e-01
2.466666666666666785e+00,-2.800000000000001932e-01
2.469444444444444553e+00,-2.650000000000000133e-01
2.472222222222222321e+00,-2.700000000000000178e-01
2.475000000000000089e+00,-2.750000000000000777e-01
2.477777777777777857e+00,-2.800000000000000822e-01
2.480555555555555625e+00,-2.750000000000001332e-01
2.483333333333333393e+00,-2.800000000000000266e-01
2.486111111111111160e+00,-2.750000000000000222e-01
2.488888888888888928e+00,-2.650000000000001243e-01
2.491666666666666696e+00,-2.550000000000000600e-01
2.494444444444444464e+00,-2.400000000000001299e-01
2.497222222222222232e+00,-2.599999999999998423e-01
2.500000000000000000e+00,-2.799999999999999156e-01
2.502777777777777768e+00,-3.100000000000001088e-01
2.505555555555555536e+00,-3.100000000000001088e-01
2.508333333333333304e+00,-3.449999999999998068e-01
2.511111111111111072e+00,-3.599999999999999867e-01
2.513888888888888840e+00,-3.800000000000001710e-01
2.516666666666666607e+00,-3.850000000000000089e-01
2.519444444444444375e+00,-3.799999999999999489e-01
2.522222222222222143e+00,-3.700000000000000511e-01
2.524999999999999911e+00,-3.750000000000000000e-01
2.527777777777777679e+00,-3.850000000000000089e-01
2.530555555555555447e+00,-3.900000000000000133e-01
2.533333333333333215e+00,-3.950000000000000733e-01
2.536111111111111427e+00,-3.850000000000002309e-01
2.538888888888889195e+00,-3.850000000000000644e-01
2.541666666666666963e+00,-3.849999999999999534e-01
2.544444444444444731e+00,-3.950000000000000178e-01
2.547222222222222499e+00,-4.049999999999999156e-01
2.550000000000000266e+00,-4.000000000000000222e-01
2.552777777777778034e+00,-3.749999999999998890e-01
2.555555555555555802e+00,-3.750000000000001110e-01
2.558333333333333570e+00,-3.900000000000000133e-01
2.561111111111111338e+00,-3.950000000000000733e-01
2.563888888888889106e+00,-4.149999999999998135e-01
2.566666666666666874e+00,-4.050000000000000266e-01
2.569444444444444642e+00,-4.000000000000000777e-01
2.572222222222222410e+00,-3.900000000000000688e-01
2.575000000000000178e+00,-4.050000000000000266e-01
2.577777777777777946e+00,-4.249999999999999889e-01
2.580555555555555713e+00,-4.600000000000000200e-01
2.583333333333333481e+00,-4.750000000000000888e-01
2.586111111111111249e+00,-5.050000000000002265e-01
2.588888888888889017e+00,-5.099999999999998979e-01
2.591666666666666785e+00,-5.250000000000001332e-01
2.594444444444444553e+00,-5.399999999999999245e-01
2.597222222222222321e+00,-5.999999999999999778e-01
2.600000000000000089e+00,-6.450000000000001288e-01
2.602777777777777857e+00,-6.300000000000000044e-01
2.605555555555555625e+00,-5.749999999999999556e-01
2.608333333333333393e+00,-4.949999999999998845e-01
2.611111111111111160e+00,-3.849999999999998979e-01
2.613888888888888928e+00,-2.700000000000002398e-01
2.616666666666666696e+00,-1.150000000000001577e-01
2.619444444444444464e+00,9.000000000000003830e-02
2.622222222222222232e+00,3.699999999999998845e-01
2.625000000000000000e+00,6.349999999999997868e-01
2.627777777777777768e+00,8.099999999999996092e-01
2.630555555555555536e+00,8.599999999999999867e-01
2.633333333333333304e+00,7.700000000000000178e-01
2.636111111111111072e+00,4.749999999999999778e-01
2.638888888888888840e+00,6.499999999999996059e-02
2.641666666666666607e+00,-3.050000000000001599e-01
2.644444444444444375e+00,-5.000000000000000000e-01
2.647222222222222143e+00,-5.200000000000000178e-01
2.649999999999999911e+00,-4.750000000000000888e-01
2.652777777777777679e+00,-4.100000000000000866e-01
2.655555555555555447e+00,-3.900000000000001799e-01
2.658333333333333215e+00,-3.900000000000002354e-01
2.661111111111111427e+00,-4.000000000000000777e-01
2.663888888888889195e+00,-4.099999999999999201e-01
2.666666666666666963e+00,-4.049999999999998046e-01
2.669444444444444731e+00,-3.850000000000002309e-01
2.672222222222222499e+00,-3.900000000000001243e-01
2.675000000000000266e+00,-3.949999999999999067e-01
2.677777777777778034e+00,-4.050000000000000822e-01
2.680555555555555802e+00,-4.099999999999999201e-01
2.683333333333333570e+00,-4.050000000000000266e-01
2.686111111111111338e+00,-3.999999999999997446e-01
2.688888888888889106e+00,-3.899999999999999023e-01
2.691666666666666874e+00,-3.949999999999999067e-01
2.694444444444444642e+00,-4.099999999999998090e-01
2.697222222222222410e+00,-4.149999999999999245e-01
2.700000000000000178e+00,-4.099999999999999201e-01
2.702777777777777946e+00,-3.949999999999999067e-01
2.705555555555555713e+00,-4.049999999999999156e-01
2.708333333333333481e+00,-4.099999999999998090e-01
2.711111111111111249e+00,-4.050000000000000266e-01
2.713888888888889017e+00,-4.049999999999998046e-01
2.716666666666666785e+00,-4.099999999999999201e-01
2.719444444444444553e+00,-3.900000000000000133e-01
2.722222222222222321e+00,-3.849999999999999534e-01
2.725000000000000089e+00,-3.900000000000000688e-01
2.727777777777777857e+00,-3.950000000000000733e-01
2.730555555555555625e+00,-4.000000000000000222e-01
2.733333333333333393e+00,-4.000000000000000222e-01
2.736111111111111160e+00,-4.000000000000001887e-01
2.738888888888888928e+00,-3.950000000000000733e-01
2.741666666666666696e+00,-3.949999999999998512e-01
2.744444444444444464e+00,-4.050000000000001932e-01
2.747222222222222232e+00,-4.050000000000000266e-01
2.750000000000000000e+00,-4.000000000000000222e-01
2.752777777777777768e+00,-3.950000000000000178e-01
2.755555555555555536e+00,-3.850000000000000089e-01
2.758333333333333304e+00,-3.750000000000000555e-01
2.761111111111111072e+00,-3.850000000000000089e-01
2.763888888888888840e+00,-3.950000000000000178e-01
2.766666666666666607e+00,-3.900000000000001799e-01
2.769444444444444375e+00,-3.850000000000000089e-01
2.772222222222222143e+00,-3.750000000000000555e-01
2.774999999999999911e+00,-3.849999999999998423e-01
2.777777777777777679e+00,-3.950000000000000178e-01
2.780555555555555447e+00,-3.950000000000000178e-01
2.783333333333333659e+00,-3.850000000000000644e-01
2.786111111111111427e+00,-3.749999999999999445e-01
2.788888888888889195e+00,-3.749999999999998890e-01
2.791666666666666963e+00,-3.850000000000000089e-01
2.794444444444444731e+00,-3.950000000000000178e-01
2.797222222222222499e+00,-3.900000000000000688e-01
2.800000000000000266e+00,-3.900000000000000688e-01
2.802777777777778034e+00,-3.650000000000001021e-01
2.805555555555555802e+00,-3.750000000000001110e-01
2.808333333333333570e+00,-3.850000000000000644e-01
2.811111111111111338e+00,-3.950000000000000733e-01
2.813888888888889106e+00,-3.800000000000000600e-01
2.816666666666666874e+00,-3.850000000000000644e-01
2.819444444444444642e+00,-3.750000000000000000e-01
2.822222222222222410e+00,-3.800000000000000600e-01
2.825000000000000178e+00,-3.900000000000000133e-01
2.827777777777777946e+00,-3.800000000000001155e-01
2.830555555555555713e+00,-3.750000000000000000e-01
2.833333333333333481e+00,-3.750000000000001110e-01
2.836111111111111249e+00,-3.749999999999998890e-01
2.838888888888889017e+00,-3.750000000000001665e-01
2.841666666666666785e+00,-3.799999999999999489e-01
2.844444444444444553e+00,-3.900000000000000688e-01
2.847222222222222321e+00,-3.900000000000001799e-01
2.850000000000000089e+00,-3.649999999999999356e-01
2.852777777777777857e+00,-3.699999999999998845e-01
2.855555555555555625e+00,-3.750000000000001110e-01
2.858333333333333393e+00,-3.850000000000000089e-01
2.861111111111111160e+00,-3.900000000000000688e-01
2.863888888888888928e+00,-3.900000000000000688e-01
2.866666666666666696e+00,-3.749999999999998890e-01
2.869444444444444464e+00,-3.649999999999999356e-01
2.872222222222222232e+00,-3.849999999999998423e-01
2.875000000000000000e+00,-3.800000000000000044e-01
2.877777777777777768e+00,-3.900000000000000133e-01
2.880555555555555536e+00,-3.750000000000001110e-01
2.883333333333333304e+00,-3.750000000000000000e-01
2.886111111111111072e+00,-3.649999999999998246e-01
2.888888888888888840e+00,-3.699999999999998845e-01
2.891666666666666607e+00,-3.850000000000001754e-01
2.894444444444444375e+00,-3.950000000000001843e-01
2.897222222222222143e+00,-3.849999999999998979e-01
2.899999999999999911e+00,-3.850000000000000089e-01
2.902777777777777679e+00,-3.700000000000001066e-01
2.905555555555555447e+00,-3.650000000000001577e-01
2.908333333333333659e+00,-3.699999999999998845e-01
2.911111111111111427e+00,-3.750000000000001110e-01
2.913888888888889195e+00,-3.499999999999999778e-01
2.916666666666666963e+00,-3.349999999999998535e-01
2.919444444444444731e+00,-3.200000000000000067e-01
2.922222222222222499e+00,-3.150000000000000022e-01
2.925000000000000266e+00,-3.200000000000000622e-01
2.927777777777778034e+00,-3.250000000000001776e-01
2.930555555555555802e+00,-3.150000000000000022e-01
2.933333333333333570e+00,-2.950000000000000955e-01
2.936111111111111338e+00,-2.850000000000001421e-01
2.938888888888889106e+00,-2.999999999999999334e-01
2.941666666666666874e+00,-2.949999999999999289e-01
2.944444444444444642e+00,-2.849999999999999756e-01
2.947222222222222410e+00,-2.849999999999999756e-01
2.950000000000000178e+00,-2.800000000000001932e-01
2.952777777777777946e+00,-2.700000000000000178e-01
2.955555555555555713e+00,-2.799999999999999156e-01
2.958333333333333481e+00,-2.899999999999999800e-01
2.961111111111111249e+00,-2.949999999999999845e-01
2.963888888888889017e+00,-2.949999999999998179e-01
2.966666666666666785e+00,-2.900000000000000355e-01
2.969444444444444553e+00,-2.799999999999997491e-01
2.972222222222222321e+00,-2.899999999999999800e-01
2.975000000000000089e+00,-2.949999999999998179e-01
2.977777777777777857e+00,-3.100000000000001088e-01
2.980555555555555625e+00,-2.950000000000000955e-01
2.983333333333333393e+00,-2.850000000000000866e-01
2.986111111111111160e+00,-2.800000000000000822e-01
2.988888888888888928e+00,-2.750000000000000777e-01
2.991666666666666696e+00,-2.950000000000000955e-01
2.994444444444444464e+00,-3.050000000000000488e-01
2.997222222222222232e+00,-2.999999999999999334e-01
3.000000000000000000e+00,-2.949999999999999845e-01
3.002777777777777768e+00,-2.950000000000000400e-01
3.005555555555555536e+00,-2.850000000000001976e-01
3.008333333333333304e+00,-2.999999999999999334e-01
3.011111111111111072e+00,-3.049999999999999933e-01
3.013888888888888840e+00,-3.000000000000000999e-01
3.016666666666666607e+00,-2.950000000000000955e-01
3.019444444444444375e+00,-2.999999999999999334e-01
3.022222222222222143e+00,-3.050000000000001599e-01
3.024999999999999911e+00,-3.149999999999999467e-01
3.027777777777777679e+00,-3.100000000000001088e-01
3.030555555555555891e+00,-3.149999999999998912e-01
3.033333333333333659e+00,-2.949999999999999845e-01
3.036111111111111427e+00,-3.000000000000001554e-01
3.038888888888889195e+00,-3.100000000000001643e-01
3.041666666666666963e+00,-3.300000000000000155e-01
3.044444444444444731e+00,-3.400000000000000799e-01
3.047222222222222499e+00,-3.300000000000001266e-01
3.050000000000000266e+00,-3.200000000000001177e-01
3.052777777777778034e+00,-3.200000000000000067e-01
3.055555555555555802e+00,-3.149999999999999467e-01
3.058333333333333570e+00,-3.250000000000000666e-01
3.061111111111111338e+00,-3.350000000000001865e-01
3.063888888888889106e+00,-3.300000000000000711e-01
3.066666666666666874e+00,-3.150000000000000022e-01
3.069444444444444642e+00,-3.200000000000000622e-01
3.072222222222222410e+00,-3.200000000000000622e-01
3.075000000000000178e+00,-3.299999999999999045e-01
3.077777777777777946e+00,-3.450000000000000289e-01
3.080555555555555713e+00,-3.399999999999999134e-01
3.083333333333333481e+00,-3.350000000000001310e-01
3.086111111111111249e+00,-3.300000000000000711e-01
3.088888888888889017e+00,-3.350000000000000755e-01
3.091666666666666785e+00,-3.450000000000001954e-01
3.094444444444444553e+00,-3.500000000000001998e-01
3.097222222222222321e+00,-3.450000000000000289e-01
3.100000000000000089e+00,-3.400000000000001910e-01
3.102777777777777857e+00,-3.350000000000000200e-01
3.105555555555555625e+00,-3.350000000000000755e-01
3.108333333333333393e+00,-3.300000000000000711e-01
3.111111111111111160e+00,-3.350000000000000200e-01
3.113888888888888928e+00,-3.399999999999999134e-01
3.116666666666666696e+00,-3.350000000000000755e-01
3.119444444444444464e+00,-3.199999999999998956e-01
3.122222222222222232e+00,-3.400000000000000799e-01
3.125000000000000000e+00,-3.400000000000000244e-01
3.127777777777777768e+00,-3.499999999999999778e-01
3.130555555555555536e+00,-3.649999999999999911e-01
3.133333333333333304e+00,-3.600000000000000422e-01
3.136111111111111072e+00,-3.450000000000000289e-01
3.138888888888888840e+00,-3.449999999999999734e-01
3.141666666666666607e+00,-3.500000000000001443e-01
3.144444444444444375e+00,-3.499999999999999223e-01
3.147222222222222143e+00,-3.500000000000000888e-01
3.149999999999999911e+00,-3.399999999999999689e-01
3.152777777777777679e+00,-3.400000000000000799e-01
3.155555555555555891e+00,-3.450000000000001399e-01
3.158333333333333659e+00,-3.449999999999999734e-01
3.161111111111111427e+00,-3.800000000000001155e-01
3.163888888888889195e+00,-3.599999999999998201e-01
3.166666666666666963e+00,-3.599999999999997646e-01
3.169444444444444731e+00,-3.450000000000000289e-01
3.172222222222222499e+00,-3.450000000000000844e-01
3.175000000000000266e+00,-3.499999999999999778e-01
3.177777777777778034e+00,-3.549999999999998712e-01
3.180555555555555802e+00,-3.449999999999999734e-01
3.183333333333333570e+00,-3.300000000000000155e-01
3.186111111111111338e+00,-3.300000000000000155e-01
3.188888888888889106e+00,-3.350000000000001310e-01
3.191666666666666874e+00,-3.349999999999999090e-01
3.194444444444444642e+00,-3.399999999999999689e-01
3.197222222222222410e+00,-3.300000000000000155e-01
3.200000000000000178e+00,-3.200000000000000067e-01
3.202777777777777946e+00,-2.899999999999999800e-01
3.205555555555555713e+00,-2.900000000000000910e-01
3.208333333333333481e+00,-2.999999999999999889e-01
3.211111111111111249e+00,-3.050000000000001044e-01
3.213888888888889017e+00,-2.850000000000000311e-01
3.216666666666666785e+00,-2.800000000000000822e-01
3.219444444444444553e+00,-2.750000000000000222e-01
3.222222222222222321e+00,-2.799999999999999711e-01
3.225000000000000089e+00,-2.750000000000001887e-01
3.227777777777777857e+00,-2.700000000000000733e-01
3.230555555555555625e+00,-2.649999999999999578e-01
3.233333333333333393e+00,-2.500000000000001110e-01
3.236111111111111160e+00,-2.300000000000000933e-01
3.238888888888888928e+00,-2.449999999999999123e-01
3.241666666666666696e+00,-2.399999999999999911e-01
3.244444444444444464e+00,-2.550000000000001710e-01
3.247222222222222232e+00,-2.550000000000000044e-01
3.250000000000000000e+00,-2.449999999999999956e-01
3.252777777777777768e+00,-2.349999999999999034e-01
3.255555555555555536e+00,-2.550000000000000600e-01
3.258333333333333304e+00,-2.650000000000000133e-01
3.261111111111111072e+00,-2.600000000000002864e-01
3.263888888888888840e+00,-2.549999999999998934e-01
3.266666666666666607e+00,-2.700000000000000733e-01
3.269444444444444375e+00,-2.650000000000002354e-01
3.272222222222222143e+00,-2.800000000000001932e-01
3.274999999999999911e+00,-2.550000000000000600e-01
3.277777777777778123e+00,-2.499999999999999445e-01
3.280555555555555891e+00,-2.450000000000000788e-01
3.283333333333333659e+00,-2.650000000000001799e-01
3.286111111111111427e+00,-2.800000000000000266e-01
3.288888888888889195e+00,-2.999999999999999334e-01
3.291666666666666963e+00,-3.150000000000001132e-01
3.294444444444444731e+00,-3.250000000000000666e-01
3.297222222222222499e+00,-3.349999999999999090e-01
3.300000000000000266e+00,-3.450000000000000289e-01
3.302777777777778034e+00,-3.299999999999999045e-01
3.305555555555555802e+00,-3.350000000000000200e-01
3.308333333333333570e+00,-3.449999999999998068e-01
3.311111111111111338e+00,-3.599999999999999312e-01
3.313888888888889106e+00,-3.500000000000001998e-01
3.316666666666666874e+00,-3.400000000000000244e-01
3.319444444444444642e+00,-3.349999999999999645e-01
3.322222222222222410e+00,-3.449999999999999734e-01
3.325000000000000178e+00,-3.600000000000000422e-01
3.327777777777777946e+00,-3.650000000000001577e-01
3.330555555555555713e+00,-3.749999999999998890e-01
3.333333333333333481e+00,-3.699999999999998845e-01
3.336111111111111249e+00,-3.649999999999999911e-01
3.338888888888889017e+00,-3.650000000000001021e-01
3.341666666666666785e+00,-3.800000000000000044e-01
3.344444444444444553e+00,-3.750000000000001110e-01
3.347222222222222321e+00,-3.750000000000001110e-01
3.350000000000000089e+00,-3.650000000000001021e-01
3.352777777777777857e+00,-3.699999999999998845e-01
3.355555555555555625e+00,-3.600000000000001532e-01
3.358333333333333393e+00,-3.699999999999998290e-01
3.361111111111111160e+00,-3.800000000000000044e-01
3.363888888888888928e+00,-3.649999999999999911e-01
3.366666666666666696e+00,-3.600000000000000422e-01
3.369444444444444464e+00,-3.499999999999999778e-01
3.372222222222222232e+00,-3.550000000000000933e-01
3.375000000000000000e+00,-3.699999999999999956e-01
3.377777777777777768e+00,-3.850000000000002309e-01
3.380555555555555536e+00,-3.950000000000000178e-01
3.383333333333333304e+00,-4.299999999999999933e-01
3.386111111111111072e+00,-4.450000000000000622e-01
3.388888888888888840e+00,-4.849999999999999312e-01
3.391666666666666607e+00,-5.149999999999997913e-01
3.394444444444444375e+00,-5.650000000000001688e-01
3.397222222222222143e+00,-5.550000000000000488e-01
3.399999999999999911e+00,-4.749999999999999778e-01
3.402777777777778123e+00,-3.550000000000000377e-01
3.405555555555555891e+00,-2.200000000000000844e-01
3.408333333333333659e+00,-5.500000000000017375e-02
3.411111111111111427e+00,1.849999999999999145e-01
3.413888888888889195e+00,4.749999999999999778e-01
3.416666666666666963e+00,7.049999999999998490e-01
3.419444444444444731e+00,8.199999999999996181e-01
3.422222222222222499e+00,7.799999999999998046e-01
3.425000000000000266e+00,5.349999999999999201e-01
3.427777777777778034e+00,1.449999999999998235e-01
3.430555555555555802e+00,-2.000000000000000944e-01
3.433333333333333570e+00,-4.200000000000000955e-01
3.436111111111111338e+00,-5.000000000000000000e-01
3.438888888888889106e+00,-4.800000000000001488e-01
3.441666666666666874e+00,-4.499999999999999001e-01
3.444444444444444642e+00,-4.099999999999999201e-01
3.447222222222222410e+00,-4.000000000000001887e-01
3.450000000000000178e+00,-3.900000000000001243e-01
3.452777777777777946e+00,-3.900000000000000688e-01
3.455555555555555713e+00,-3.999999999999999112e-01
3.458333333333333481e+00,-4.050000000000000266e-01
3.461111111111111249e+00,-4.250000000000000999e-01
3.463888888888889017e+00,-4.249999999999999889e-01
3.466666666666666785e+00,-4.050000000000001932e-01
3.469444444444444553e+00,-3.950000000000000733e-01
3.472222222222222321e+00,-4.050000000000000822e-01
3.475000000000000089e+00,-4.050000000000000822e-01
3.477777777777777857e+00,-4.150000000000000910e-01
3.480555555555555625e+00,-4.050000000000000822e-01
3.483333333333333393e+00,-3.850000000000001754e-01
3.486111111111111160e+00,-3.899999999999999023e-01
3.488888888888888928e+00,-3.950000000000001843e-01
3.491666666666666696e+00,-3.950000000000000178e-01
3.494444444444444464e+00,-3.949999999999999067e-01
3.497222222222222232e+00,-3.950000000000000178e-01
3.500000000000000000e+00,-3.849999999999998979e-01
3.502777777777777768e+00,-3.900000000000000688e-01
3.505555555555555536e+00,-3.900000000000001243e-01
3.508333333333333304e+00,-4.000000000000000222e-01
3.511111111111111072e+00,-4.249999999999999889e-01
3.513888888888888840e+00,-4.099999999999999756e-01
3.516666666666666607e+00,-4.000000000000000222e-01
3.519444444444444375e+00,-3.950000000000000178e-01
3.522222222222222143e+00,-4.000000000000000777e-01
3.525000000000000355e+00,-4.050000000000001932e-01
3.527777777777778123e+00,-4.249999999999999889e-01
3.530555555555555891e+00,-4.149999999999999800e-01
3.533333333333333659e+00,-4.050000000000001932e-01
3.536111111111111427e+00,-4.050000000000000266e-01
3.538888888888889195e+00,-4.050000000000000822e-01
3.541666666666666963e+00,-4.099999999999999201e-01
3.544444444444444731e+00,-4.150000000000000910e-01
3.547222222222222499e+00,-4.050000000000000266e-01
3.550000000000000266e+00,-4.199999999999998179e-01
3.552777777777778034e+00,-4.049999999999998046e-01
3.555555555555555802e+00,-4.099999999999999201e-01
3.558333333333333570e+00,-4.099999999999999201e-01
3.561111111111111338e+00,-4.200000000000000955e-01
3.563888888888889106e+00,-4.149999999999998135e-01
3.566666666666666874e+00,-4.050000000000000266e-01
3.569444444444444642e+00,-3.950000000000000178e-01
3.572222222222222410e+00,-3.949999999999998512e-01
3.575000000000000178e+00,-3.949999999999999067e-01
3.577777777777777946e+00,-4.000000000000000777e-01
3.580555555555555713e+00,-3.949999999999998512e-01
3.583333333333333481e+00,-3.949999999999999067e-01
3.586111111111111249e+00,-4.050000000000000266e-01
3.588888888888889017e+00,-4.050000000000000266e-01
3.591666666666666785e+00,-4.199999999999999845e-01
3.594444444444444553e+00,-4.349999999999999978e-01
3.597222222222222321e+00,-4.149999999999999800e-01
3.600000000000000089e+00,-4.050000000000000822e-01
3.602777777777777857e+00,-3.950000000000000178e-01
3.605555555555555625e+00,-3.900000000000000133e-01
3.608333333333333393e+00,-4.149999999999998135e-01
